product_name,genre,price,stock
A Smoky Mountain Christmas,Fantasy,266907,79
Titanica,Documentary|IMAX,497229,72
Kolberg,Drama|War,916307,58
Dr. Goldfoot and the Bikini Machine,Comedy,538052,61
Angel Baby,Drama,875768,100
"5th Musketeer, The (a.k.a. Fifth Musketeer, The)",Adventure,672048,100
American Ninja 5,Action,933011,100
"Matrix Reloaded, The",Action|Adventure|Sci-Fi|Thriller|IMAX,662626,74
"OH in Ohio, The",Comedy,607017,90
Cadence,Drama,193866,95
Send a Bullet (Manda Bala),Documentary,940923,58
Bigger Than the Sky,Comedy|Drama|Romance,545189,94
Beastie Boys: Sabotage,(no genres listed),321805,62
Twin Peaks: Fire Walk with Me,Crime|Drama|Mystery|Thriller,657053,92
In Two Minds,(no genres listed),398860,84
Midnight,Comedy|Romance,105922,58
Something Wild,Comedy|Crime|Drama,254366,66
Sealed Cargo,Thriller|War,341639,89
Sagebrush Trail,Western,643804,98
Inside: 'Dr. Strangelove or How I Learned to Stop Worrying and Love the Bomb',Documentary,732069,98
"Relic, The",Horror|Thriller,210169,56
Tea with Mussolini,Comedy|Drama|War,779496,78
"Slams, The",Action|Drama,316202,80
Cops,Comedy,690275,74
"Rack, The",Drama|War,378084,76
Ed Hardy: Tattoo the World ,Documentary,957876,94
"L-Shaped Room, The",Drama,210860,59
"Greatest, The",Drama,242825,86
El malvado Carabel,Comedy,442092,68
For Keeps,Drama|Romance,549215,64
Rubber Johnny,Animation|Horror,571241,71
Darling,Drama,989189,92
Freeway II: Confessions of a Trickbaby,Comedy|Crime|Drama|Thriller,655015,82
Fancy Pants,Comedy|Western,679793,74
Belle Starr,Western,550380,59
"Hollywood Complex, The",Documentary,751804,81
Reindeer Games,Action|Thriller,784627,92
Zatoichi the Outlaw (Zatôichi rôyaburi) (Zatôichi 16),Action|Drama,654855,74
See How They Fall (Regarde les hommes tomber),Drama,520535,74
American Addict,Documentary,963836,83
A Star Athlete,Comedy|Drama,296743,60
Beyond a Reasonable Doubt,Crime|Drama|Film-Noir,678227,86
"Many Adventures of Winnie the Pooh, The",Animation|Children|Musical,756861,100
Ceremony,Comedy,992552,82
Omega Doom,Sci-Fi,640776,56
Halloween III: Season of the Witch,Horror,390562,64
Predator 2,Action|Sci-Fi|Thriller,129196,65
"King Is Alive, The",Drama,182035,63
Red Corner,Crime|Thriller,666105,77
"End of America, The",Documentary,303241,68
Balls of Fury,Comedy,762358,94
Holy Wars,Documentary,933374,64
James Dean Remembered,Documentary,530417,59
Harmagedon,Action|Drama,424022,61
Boy Meets Girl,Comedy|Romance,385813,64
"Battle of the Sexes, The",Comedy,735189,86
"Strangler, The",Horror,992117,60
Caught Inside,Action|Adventure|Horror|Thriller,556737,61
Ray,Drama,315361,65
Chariots of the Gods (Erinnerungen an die Zukunft),Documentary,263308,57
Halo Legends,Action|Animation|Sci-Fi,894315,70
Venus Boyz,Documentary,635260,62
Centurion,Action|Adventure|Drama|Thriller|War,576580,78
Zandalee,Drama|Thriller,298727,91
BlinkyTM,Horror|Sci-Fi,680631,88
"Mack, The",Crime,701022,80
Angelus,Comedy|Drama,926013,51
Fiston,Comedy,725231,65
Urban Ghost Story,Drama,995753,81
Autómata (Automata),Sci-Fi|Thriller,953007,88
Sherlock Holmes: Terror by Night,Crime|Mystery|Thriller,492058,60
"Electra, My Love (Szerelmem, Elektra)",Drama,823334,57
The Tattooist,Horror|Thriller,850843,52
Flow,Drama,708560,59
Clockwise,Comedy,490325,56
Untraceable,Crime|Thriller,817523,100
Evolver,Action|Horror|Sci-Fi,519295,52
Carbon Copy,Comedy,263627,76
Reign of Fire,Action|Adventure|Fantasy,344774,83
"Steamroller and the Violin, The (Katok i skripka)",Drama,452927,51
Tristan & Isolde,Drama|Romance,914374,81
Heavenly Creatures,Crime|Drama,587698,78
"Mindscape of Alan Moore, The",Documentary,178280,58
White Night (Hvid nat),Drama,219735,91
Went to Coney Island on a Mission From God... Be Back by Five,Drama,774690,72
Watermark,Documentary,930227,78
Altered States,Drama|Sci-Fi,749642,99
"Curious Case of Benjamin Button, The",Drama|Fantasy|Mystery|Romance,815375,91
Shadow Company,Documentary|War,844563,74
Free Fall,Drama,643910,55
"Come On, Rangers",Romance|Western,754218,51
Beneath the Darkness,Thriller,188721,76
Ballad of the Little Soldier (Ballade vom kleinen Soldaten),Documentary,146240,99
Recoil,Action,583886,56
Micki + Maude,Comedy,185331,86
Daltry Calhoun,Comedy|Drama,539647,88
Actresses (Actrices),Comedy|Drama,294394,80
Sherlock Holmes: The Woman in Green,Mystery,128812,56
Eddie and the Cruisers II: Eddie Lives!,Drama|Musical,862884,94
"Bigamist, The",Drama,366061,97
Burma VJ: Reporting from a Closed Country (Burma VJ: Reporter i et lukket land),Documentary,700115,50
Unaccompanied Minors,Children|Comedy,194059,98
Mulan II,Action|Animation|Children|Comedy|Musical,518182,96
They Wait,Horror|Mystery|Thriller,167356,96
Kiss Me Deadly,Film-Noir,230713,81
Repossessed,Comedy,437168,82
Duel at Diablo,War,331609,92
The Rabbi's Cat (Le chat du rabbin),Adventure|Animation,958683,62
"Ball, The (Le bal)",Musical,352713,100
"Unbelievable Truth, The",Comedy|Drama,330484,58
G.I. Joe: Operation Dragonfire,Action|Animation,734889,58
Bad Company,Western,705344,80
Them!,Horror|Sci-Fi|Thriller,519678,53
Die Fischerin,Drama,243355,74
Murder on a Sunday Morning (Un coupable idéal),Documentary,293800,93
Scandal Sheet,Crime|Drama|Film-Noir|Romance|Thriller,509629,63
"Saga of Gosta Berling, The (Gösta Berlings saga)",Drama|Romance,166546,59
Sidewalks of New York,Comedy|Romance,419797,67
The African,Adventure|Comedy,550528,86
Dirty Sanchez: The Movie,Comedy,722551,67
Me and Earl and the Dying Girl,Drama,305305,60
An Alligator Named Daisy,Comedy|Musical|Romance,643749,93
Two-Way Stretch,Comedy|Crime,135527,95
Ingeborg Holm,Drama,971074,82
"Life and Nothing But (Vie et rien d'autre, La)",Drama,222014,91
Bang the Drum Slowly,Drama,149669,76
Haunted Echoes,Thriller,243369,59
Every Other Weekend (Un week-end sur deux),Drama,963821,75
"Truth of Lie, The (Die Wahrheit der Lüge)",Drama|Thriller,213899,64
"Man Who Never Was, The",Drama|War,838046,66
Pickup on South Street,Film-Noir,904257,51
"Boys: The Sherman Brothers' Story, The",Documentary,949964,72
Kansas,Crime|Drama,955484,77
Tyler Perry's Madea's Big Happy Family,Comedy|Drama,505214,87
Silent Light (Stellet licht),Drama,703811,62
Samson and Delilah,Adventure|Drama,543410,66
Ten Seconds to Hell,Action|Drama|Romance|War,536794,87
Alaska,Adventure|Children,844053,94
Candyman,Horror|Thriller,985169,81
Mister 880,Comedy,283717,99
Dark Days,Documentary,510118,50
Stevie,Documentary,340517,99
Circus,Crime|Drama|Thriller,221220,100
Comandante,Documentary,101173,87
"Scarlet Letter, The (Der scharlachrote Buchstabe)",Drama,667423,91
Buster Keaton: A Hard Act to Follow,Documentary,699609,83
Journey to the Far Side of the Sun (a.k.a. Doppelgänger),Fantasy|Mystery|Sci-Fi|Thriller,692501,66
Lord of the Flies,Adventure|Drama|Thriller,199453,97
Shooting War,Documentary,306383,92
Bend of the River,Western,549349,84
Will Ferrell: You're Welcome America - A Final Night with George W Bush,Comedy,556371,79
Dirty,Crime|Drama|Thriller,831350,86
"Red Violin, The (Violon rouge, Le)",Drama|Mystery,632836,73
"Gunfighter, The",Action|Western,304808,96
Rings on Her Fingers,Comedy|Romance,285455,80
"Santa Clause 3: The Escape Clause, The",Comedy|Fantasy,786199,92
Charlie's Country,Drama,213048,74
"Mating Season, The",Comedy,428758,88
Dead Heat,Action|Comedy|Horror|Sci-Fi,594595,66
Shadow Company,Documentary|War,817114,77
New Jack City,Action|Crime|Drama,317337,83
5 Fingers,Drama|Thriller,449402,88
Air Guitar Nation,Comedy|Documentary|Musical,438641,73
Bjarnfreðarson,Comedy|Drama,651711,62
Provocateur (Prowokator),Drama,756654,71
Jonathan Livingston Seagull,Drama,401734,76
Straight Shooting,Western,926948,63
Abbott and Costello Meet the Keystone Kops,Comedy,387008,93
"King of Texas, The",Documentary,282739,52
Force 10 from Navarone,Action|Drama|War,754171,88
Grind,Action|Comedy,425441,56
In the Company of Men,Comedy|Drama,539793,65
Mushrooming (Seenelkäik),Adventure|Comedy|Thriller,214306,96
Yatterman (Yattâman),Action|Comedy|Fantasy,305979,81
Police State,Drama,802453,81
"Man Named Pearl, A",Documentary,836641,60
Cypher,Action|Sci-Fi|Thriller,899839,59
"Great Outdoors, The",Comedy,835408,85
Class,Comedy,210544,65
Crimes of the Future,Comedy|Sci-Fi,540941,85
Poetry (Shi),Drama,927545,95
They Came Back (Les Revenants),Drama|Fantasy,418445,58
Dot the I,Drama|Film-Noir|Thriller,428410,66
I Knew It Was You: Rediscovering John Cazale,Documentary,862443,64
"End of Violence, The",Drama|Thriller,409210,69
Hum Dil De Chuke Sanam,Drama|Romance,163083,50
Russian Ark (Russkiy Kovcheg),Drama|Fantasy|War,841729,77
Man of Steel,Action|Adventure|Fantasy|Sci-Fi|IMAX,277568,77
Shakes the Clown,Comedy,548884,72
Supernova,Adventure|Sci-Fi|Thriller,875760,94
"Station, The (Blutgletscher)",Horror,921326,66
Legalese,Crime|Drama|Romance,507619,93
La guerre des tuques,Adventure|Children|Comedy|Drama,232491,84
Trigun: Badlands Rumble,Action|Animation|Sci-Fi|Western,531833,75
Happy End,Drama,100699,56
"Eclipse, The",Drama|Horror|Thriller,943610,77
"Django the Bastard (Strangers Gundown, The) (Django il bastardo)",Action|Thriller|Western,192455,86
Something to Talk About,Comedy|Drama|Romance,217063,85
Bluebeard,Film-Noir|Horror,497818,81
"Monuments Men, The",Action|Drama|War,577213,95
"Cassandra Crossing, The",Drama,139177,52
Wreckers,Drama,312416,67
"Texas Chainsaw Massacre: The Beginning, The",Horror|Thriller,417780,57
Dr. Moreau's House of Pain,Horror,587794,55
Eddie,Comedy,782320,95
Monty Python Live (Mostly),Animation|Comedy|Musical,747749,71
Caravaggio,Drama,947363,82
How to Get Ahead in Advertising,Comedy|Fantasy,875021,56
Grand Theft Auto,Action|Comedy,642133,59
Queen of Hearts,Comedy|Drama|Romance,518735,69
"Dark Hours, The",Horror|Thriller,888535,86
Farah Goes Bang,Comedy,180066,78
"Thrill of It All, The",Comedy,539891,82
Addicted,Drama,800893,92
Eva (a.k.a. Eve),Drama,251076,80
The Brain,Comedy|Crime,988330,65
Frankenstein Conquers the World,Action|Drama|Sci-Fi,570208,76
Inside Moves,Drama,745174,56
Tess,Drama|Romance,291608,81
"Return of the Prodigal Son, The (Návrat ztraceného syna)",Drama,960640,61
Baby Boom,Comedy,768518,55
Die,Thriller,176771,100
Jarhead,Action|Drama|War,373556,93
Gentlemen Prefer Blondes,Comedy|Musical|Romance,603698,61
Abelar: Tales of an Ancient Empire (Tales of an Ancient Empire),Fantasy,239522,69
Giant,Drama|Romance|Western,186875,62
"People, Places, Things",Comedy,979809,84
"Joke, The (Zert)",Drama,616349,94
At Sea,Documentary,461379,61
Sharpe's Sword,Action|Adventure|War,627294,82
Sherlock Holmes: Terror by Night,Crime|Mystery|Thriller,835982,86
"Blood, Sweat + Vinyl: DIY in the 21st Century",Documentary,489875,52
To the Wonder,Drama|Romance,679568,93
One Nine Nine Four,Documentary,806229,96
"Few Best Men, A",Comedy,801594,62
Eminem AKA ,Documentary,466989,87
"Hills Have Eyes Part II, The",Horror,605195,84
Just Ask My Children,Drama,674989,100
Diplomatic Immunity (2009– ),Comedy,587350,64
Promise of the Flesh (Yukcheui yaksok),(no genres listed),121425,75
Beauty #2,Drama,291895,91
"Rough House, The",Comedy,750135,98
Chu Chin Chow,Comedy|Fantasy|Musical,107900,64
At the Circus,Comedy|Musical,937450,69
Aashiqui 2,Drama|Musical|Romance,246816,77
With Love... from the Age of Reason,Comedy|Romance,488937,67
"Kiss Me, Guido",Comedy,997312,86
Street Scene,Drama,111376,83
Freddy vs. Jason,Action|Horror|Thriller,605667,84
In the Beginning (À l'Origine),Drama,967351,89
Galaxy of Terror (Quest),Action|Horror|Mystery|Sci-Fi,676209,93
Ryan,Animation|Documentary|Drama|Fantasy,980890,54
Four Sons,Drama|War,342036,71
Griff the Invisible,Comedy|Drama|Romance,100638,81
This Man Must Die (Que la bête meure),Crime|Drama|Thriller,259749,60
Ciao Manhattan (Ciao! Manhattan),Documentary|Drama|Romance,553707,97
Angela,Drama,350784,59
MacGyver: Trail to Doomsday,Action|Adventure,685285,97
Molly Maxwell,Drama|Romance,215103,52
"I Love You, I Love You (Je t'aime je t'aime)",Drama|Sci-Fi,415178,87
Beauty Day,Documentary,709687,82
What Women Want,Comedy|Romance,836766,100
The Lunchbox,Drama|Romance,226563,51
Thank Your Lucky Stars,Comedy|Musical,100370,85
Character (Karakter),Drama,681595,99
Racing with the Moon,Comedy|Drama|Romance,709323,55
Defendor,Comedy|Crime|Drama,651500,60
Accepted,Comedy,702978,89
Annapolis,Drama,688094,98
"Avenging Conscience, The",Drama|Horror,671209,54
"Sadness of Sex, The",Drama,843651,53
Street of Shame (Akasen chitai),Drama,237558,65
Dreamcatcher,Drama|Horror|Sci-Fi|Thriller,783601,81
Into the Blue 2: The Reef,Action|Adventure|Thriller,771815,66
Head Over Heels (De Pernas pro Ar),Comedy,763751,67
Blind Date,Comedy|Romance,324139,63
Honkytonk Man,Comedy|Drama,325719,61
Dead Heat on a Merry-Go-Round,Comedy|Crime,215902,57
"Whistle Blower, The",Thriller,199599,65
Khodorkovsky,Documentary|Drama,580317,85
Infection (Kansen),Drama|Horror,852549,50
Bad Country,Action|Crime|Drama|Thriller,715795,89
Winter Nomads,Documentary,849540,92
Gangster No. 1,Action|Crime|Thriller,364232,94
Incident at Blood Pass (Machibuse) (Ambush),Action|Drama,716713,72
Sylvia Scarlett,Comedy|Drama|Romance,474645,59
"Man from Earth, The",Drama|Sci-Fi,334059,92
"Spanish Earth, The",Documentary,201264,90
"Slums of Beverly Hills, The",Comedy|Drama,200434,80
Spiritual Kung Fu (Quan jing),Action,388272,79
On Any Sunday,Documentary,478580,54
Glumov's Diary (Dnevnik Glumova),(no genres listed),442754,97
Lock Up,Action|Adventure|Crime|Drama|Thriller,331915,70
Tartuffe (Herr Tartüff),Drama,807730,100
Love Streams,Comedy|Drama,903347,66
I've Loved You So Long (Il y a longtemps que je t'aime),Drama|Mystery,772544,97
"Hudsucker Proxy, The",Comedy,599078,87
Badlands,Crime|Drama|Thriller,239192,99
Wilby Wonderful,Drama,205305,95
Barbarians at the Gate,Drama,493520,93
Extreme Prejudice,Action,322187,53
Unthinkable,Drama|Thriller,865138,85
Group Sex,Comedy,682852,78
Search for the Beast,Horror,320376,88
Simon Killer ,Drama,948848,53
Brink of Life (Nära livet),Drama,149414,87
My Own Private Idaho,Drama|Romance,908652,54
You Ain't Seen Nothin' Yet (Vous n'avez encore rien vu),Drama,826632,51
Pulse,Action|Drama|Fantasy|Horror|Mystery|Sci-Fi|Thriller,160393,50
Captain January,Children|Comedy|Musical,449600,64
"Reincarnation of Peter Proud, The",Horror|Mystery,614182,92
Three Little Words,Comedy|Musical|Romance,244549,61
Dark Alibi,Crime|Drama|Mystery|Thriller,332738,67
Boys Life,Drama,773196,71
But I'm a Cheerleader,Comedy,124308,55
"Betrayed (True and the Brave, The)",Drama|Romance|Thriller|War,446035,74
"Lord, Save Us from Your Followers",Documentary,733246,99
"Letter for the King, The (Brief voor de koning, De)",Adventure,934798,57
The Island,Drama|Mystery,466283,75
The Great Kidnapping,Action|Crime|Thriller,204683,74
"Commitments, The",Comedy|Drama|Musical,920594,89
Stevie Nicks: Live at Red Rocks,Documentary|Musical,740886,84
Wing Commander,Action|Sci-Fi,173715,56
Eila,Drama,221175,59
Soccer Days,Comedy,273149,72
"Den, The",Horror|Thriller,458266,76
Wrecked,Thriller,619098,100
The Private Life of Deer,Documentary,584880,76
"Time of the Wolf, The (Le temps du loup)",Drama,254886,78
This American Journey,Documentary,829441,81
Rembrandt's J'accuse,Documentary|Mystery,951539,91
Boys' Night Out,Comedy,767950,91
Friday Night (Vendredi Soir),Drama,799680,79
Igby Goes Down,Comedy|Drama,199539,70
Mrs. Henderson Presents,Comedy|Drama,658855,100
Bliss (Mutluluk),Drama,865561,98
Austin Powers: International Man of Mystery,Action|Adventure|Comedy,500841,57
"Oath, The",Documentary,171028,79
"Search, The",Drama|War,845733,87
How the West Was Fun,Children|Western,275236,75
White Zombie,Horror,223509,58
"Devil's Carnival, The",Horror|Musical,953004,96
"Faraway, So Close (In weiter Ferne, so nah!)",Drama|Fantasy|Mystery|Romance,860806,84
Accused (Anklaget),Drama,977806,66
Closed Curtain,(no genres listed),293568,93
Last Passenger,Action|Mystery|Thriller,413053,75
"Pearls of the Crown, The (Les perles de la couronne)",Comedy,585598,97
Things We Lost in the Fire,Drama|Romance,375417,74
Lucky Break (a.k.a. Paperback Romance),Comedy|Romance,845037,70
Against the Current,Drama,790323,78
Stitch! The Movie,Animation|Children|Comedy,190744,80
Bedlam,Drama|Horror,563286,56
Roberto Succo,Crime|Drama,799629,60
Roadie,Comedy|Musical,328777,86
Swimming with Sharks,Comedy|Drama,969240,53
Benji the Hunted,Adventure|Children,978309,68
Guns of the Magnificent Seven,Action|Adventure|Drama|Western,192900,69
Just the Ticket,Comedy|Romance,485986,83
Even Angels Eat Beans,Action|Comedy|Crime,569959,67
"Princess and the Goblin, The",Animation|Fantasy,386390,63
"Oak, The (Balanta)",Comedy|Drama,408562,68
"Inheritors, The (Siebtelbauern, Die)",Drama|Mystery,388271,59
Sir Arne's Treasure,Drama,283814,76
Zatoichi and the Doomed Man (Zatôichi sakate giri) (Zatôichi 11),Action|Drama,203988,88
Dodsworth,Drama|Romance,585006,73
Amelia,Drama,129456,96
"Rough House, The",Comedy,593730,96
Bright Eyes,Comedy|Drama,873667,64
Water Lilies (Naissance des pieuvres),Drama,290946,91
That Old Feeling,Comedy|Romance,920341,93
"Monster Walks, The",Horror,147137,52
12 Dates of Christmas,Children|Comedy|Fantasy|Romance,535546,50
"Brøken, The (a.k.a. Broken, The)",Drama|Horror|Thriller,215134,88
Water Drops on Burning Rocks,Drama,694555,63
"Sleep, My Love",Drama|Film-Noir|Mystery,881775,70
"Necessary War, The",Documentary,511780,100
Reign of Fire,Action|Adventure|Fantasy,114780,79
Everything,Drama|Mystery,116960,85
Viva,Comedy|Drama|Musical,271768,99
It's a Wonderful Afterlife,Comedy|Drama|Horror|Romance,593937,86
"Bloody Child, The",Drama|Thriller,597255,66
Noise,Comedy|Drama,103133,87
Louisiana Story,Drama,920108,99
Pekka ja Pätkä lumimiehen jäljillä,Comedy,706390,92
Mad Love (Juana la Loca),Drama,586239,80
"Mystery of the Third Planet, The (Tayna tretey planety)",Adventure|Animation|Sci-Fi,891954,54
Wet Hot American Summer,Comedy,373803,61
"Peace, Propaganda & the Promised Land",Documentary,875796,80
"Jungle Book, The",Animation|Children|Comedy|Musical,774830,51
"Swordsman II (Legend of the Swordsman, The) (Xiao ao jiang hu zhi: Dong Fang Bu Bai)",Action|Fantasy,190871,65
Eccentricities of a Blonde-haired Girl (Singularidades de uma Rapariga Loura),Drama|Romance,616746,60
"Normal Heart, The",Drama,301403,75
Doomwatch,Mystery|Sci-Fi|Thriller,896519,52
Return to Peyton Place,Drama,199227,64
North Country,Drama,972442,98
Kids,Drama,812816,62
Nightcap (Merci pour le chocolat),Crime|Thriller,549706,97
"Tomorrow, the World!",Drama,211136,96
Stanley and Livingstone,Adventure|Drama,998037,84
13 Sins,Horror|Thriller,502826,50
"Centenarian Who Climbed Out the Window and Vanished, The (Hundraåringen som klev ut genom fönstret och försvann)",Adventure|Comedy|Drama,403120,92
"Prey, The (La proie)",Action|Crime|Thriller,281922,94
Chesty: A Tribute to a Legend,Documentary,845850,78
71 Fragments of a Chronology of Chance (71 Fragmente einer Chronologie des Zufalls),Drama,130269,57
Ray,Drama,106373,65
Tron: Legacy,Action|Adventure|Sci-Fi|IMAX,794020,93
Cool Air,Horror,509036,63
Flamingo Road,Drama|Romance,652558,95
"Hijacking Catastrophe: 9/11, Fear & the Selling of American Empire",Documentary,496529,77
Air Bud,Children|Comedy,769098,58
Sholay,Action|Adventure|Comedy|Musical|Romance|Thriller,975720,82
"Return of Doctor X, The",Horror|Mystery|Sci-Fi|Thriller,139117,67
Tom and Jerry: The Movie,Animation|Children|Comedy,259226,90
In Cold Blood,Crime,277625,94
Service (Serbis),Drama,215474,80
Neds,Drama,559071,52
Tenderness (Hellyys),Comedy,652458,69
From Hell,Crime|Horror|Mystery|Thriller,846528,78
My Boy,Comedy|Drama,942515,99
Contagion,Sci-Fi|Thriller|IMAX,447218,81
Les Formidables (Gang-jeok),Action|Adventure|Crime,671705,72
"Page Turner, The (Tourneuse de pages, La)",Drama|Musical|Thriller,707262,64
Never Say... Never! (Il ne faut jurer... de rien!),Comedy,939589,99
You Don't Mess with the Zohan,Comedy,124419,78
Maborosi (Maboroshi no hikari),Drama,324028,91
"Summer Wishes, Winter Dreams",Drama,776976,96
Dirty Bomb,Comedy,787299,83
Crazy Thunder Road,Action|Sci-Fi,813336,89
War Photographer,Documentary|War,722574,79
Frontière(s),Drama|Horror|Thriller,516403,76
ATL,Drama,182541,96
Wedding Belles,Comedy|Drama,102526,91
Sunnyside,Comedy,124104,76
Hello Again,Comedy,797795,93
Three Times (Zui hao de shi guang),Drama|Romance,377179,62
Privilege,Drama|Musical,957208,84
Sandra of a Thousand Delights (Vaghe stelle dell'Orsa...),Drama,243888,60
Airport,Drama,236443,65
"Simple Life, A (Tao jie)",Drama,465458,70
Playground,(no genres listed),306287,92
Horror of the Zombies,Horror,591237,96
Earth to Echo,Adventure|Children|Sci-Fi,157024,56
Brother Orchid,Comedy|Crime|Drama|Romance,910545,84
You're Next,Horror|Thriller,948750,82
Whisky,Comedy|Drama,697341,73
How to Irritate People,Comedy,203529,76
Horrible Bosses,Comedy|Crime,691787,70
Little Big League,Comedy|Drama,624496,84
Nobody Wants the Night,Drama,724075,94
Gentlemen Broncos,Comedy,828758,83
Righteous Kill,Crime|Mystery|Thriller,288771,70
Water,Drama|Romance,908076,65
Sombre,Drama|Horror,887802,77
Ghetto (Vilniaus Getas),War,316753,94
Devil in the Flesh,Drama|Romance,206074,67
More Dead Than Alive,Romance|Western,285736,84
"Atomic States of America, The",Documentary,656425,75
Like Mike,Children|Comedy|Fantasy,923058,79
José and Pilar (José e Pilar),Documentary,697239,77
"Story of Women (Affaire de femmes, Une)",Drama,735328,77
Horror of the Zombies,Horror,390126,61
Arn: The Knight Templar (Arn - Tempelriddaren),Action|Adventure|Drama|Romance|War,143963,99
Senna,Documentary,339825,81
True Blue ,Crime|Drama|Thriller,315903,77
"Sandlot, The",Children|Comedy|Drama,339468,82
Between Strangers,Drama,305910,95
Ladies in Lavender,Comedy|Drama|Romance,310307,51
Entre ses mains,Drama|Romance|Thriller,643830,86
Riley Rewind,Drama|Sci-Fi,541631,83
Yu-Gi-Oh!,Animation,857689,57
Captive Heart: The James Mink Story,Drama,568528,97
Man of Her Dreams (a.k.a. The Fiancé),Drama,650128,98
Melvin and Howard,Drama,103123,98
Barefoot in the Park,Comedy,786114,60
Going Straight,Crime|Drama,784261,74
Vampires,Comedy|Fantasy|Horror,690589,68
"Masquerade (Gwanghai, Wangyidoen namja)",Drama,856830,56
Jim Norton: Please Be Offended,Comedy,157259,75
Human Planet,Documentary,510103,64
Mulan,Action|Adventure|Drama|Romance,565686,88
Danger: Diabolik (Diabolik),Action|Crime|Thriller,223291,51
Bakhita,Drama,263594,57
Gentlemen,Drama|Romance|Thriller,550584,95
Switchblade Sisters,Crime,449941,79
Disaster Movie,Comedy,761326,68
Witless Protection,Comedy,795396,57
Crawlspace,Horror|Mystery|Sci-Fi|Thriller,675167,50
Popular Music (Populärmusik från Vittula),Comedy|Drama,323223,87
Angelus,Comedy|Drama,642534,55
Scissere,Drama,161473,57
I Love You Too (Ik ook Van Jou),Drama|Romance,709161,72
Mighty Aphrodite,Comedy|Drama|Romance,679812,83
Escape from Dartmoor,Crime|Drama,581273,98
300: Rise of an Empire,Action|Drama|War|IMAX,672042,62
Passion Fish,Drama,645256,59
"Loss of Sexual Innocence, The",Drama|Fantasy,611475,80
Paranoid Park,Crime|Drama,997455,75
Balseros (Cuban Rafters),Documentary,691850,66
Ernest Saves Christmas,Children|Comedy,986159,54
Amer,Drama|Horror,752163,69
"Swimmer, The",Drama,398035,100
Bert - Den siste oskulden,(no genres listed),631328,80
Throw Down (Yau doh lung fu bong),Drama,698517,72
Walk of Shame,Comedy,638804,78
"Benny Goodman Story, The",Drama|Musical,194831,63
Shaft,Action|Crime|Thriller,622153,71
Main Prem Ki Diwani Hoon,Comedy|Drama|Romance,509139,79
Delta,Drama,582643,58
Buddy,Comedy|Drama,495324,93
My Life as McDull (Mak dau goo si),Animation|Comedy|Drama,113755,55
"Tunnel, The (Tunnel, Der)",Action|Drama|Thriller,410928,69
Darkest Night,Drama|Horror,198874,83
"Other Sister, The",Comedy|Drama|Romance,773590,89
Unholy,Horror|Thriller,366237,98
Electric Dragon 80.000 V,Drama|Fantasy|Sci-Fi,925631,68
"Ronde, La",Drama,571220,90
Asfalttilampaat,Drama,851974,74
Genocide,Documentary,693224,58
Dark of the Sun,Action|Adventure|Drama|War,531953,91
A Story of Children and Film,Documentary,989448,83
"King and the Mockingbird, The (Le roi et l'oiseau)",Animation|Children|Fantasy,691064,84
War Horse,Drama|War,915505,98
Julie Johnson,Drama,878005,64
Charlie Chan in Reno,Comedy|Crime|Drama|Mystery|Thriller,969157,94
Final Destination 2,Horror|Thriller,521464,81
"Longshots, The",Drama,542745,67
Looking for Comedy in the Muslim World,Comedy,653203,91
Meet the Parents,Comedy,425399,55
Sansa,Drama,417021,54
The Chumscrubber,Comedy|Drama,276271,87
11 Harrowhouse,Comedy|Crime,370744,97
"Animal, The",Comedy,823920,65
"Music Lovers, The",Drama,744833,83
Beyond Re-Animator,Horror,988091,77
Spare Parts,Children|Drama,325221,59
Beyond Borders,Drama|Romance|War,244688,79
Boys Don't Cry (Chlopaki nie placza),Comedy,152593,98
Space Amoeba (Yog: Monster from Space),Action|Sci-Fi,162143,86
Vic+Flo Saw a Bear,Crime|Drama|Thriller,406189,82
Yamakasi - Les samouraïs des temps modernes,Action|Crime|Drama,879125,98
"Simple Life of Noah Dearborn, The",Drama,560262,50
Borrowed Hearts (Borrowed Hearts: A Holiday Romance),Drama|Fantasy|Romance,601913,72
Crossroads,Crime|Drama|Film-Noir,263510,57
Whistle Down the Wind,Drama,161330,88
"Cat Concerto, The",Animation|Children|Comedy,276174,74
Paradise Lost 2: Revelations,Documentary,632521,72
Miracles,Comedy,271268,92
"Great Lie, The",Drama,291110,80
"Canyons, The",Drama|Thriller,679314,67
Peaceful Warrior,Drama,198221,64
"Marcello Mastroianni: I Remember Yes, I Remember (Marcello Mastroianni: mi ricordo, sì, io mi ricordo)",Documentary,908125,58
Gardenia,Crime,557899,73
Mile... Mile & a Half,Documentary,493039,72
Cop and ½,Comedy,332981,78
"Captive, The (La captive)",Drama|Romance,424327,75
"Incredible Shrinking Man, The",Sci-Fi|Thriller,888108,92
The Police Serve the Citizens?,Action|Crime,721007,96
Divided We Fall (Musíme si pomáhat),Comedy|Drama,742973,100
"Newest Pledge, The",Comedy,629900,62
Tender Is the Night,Drama,343886,91
Kramer vs. Kramer,Drama,960112,60
"Emperor Jones, The",Drama,931922,55
Heir to an Execution,Documentary,682986,65
Swiss Family Robinson,Adventure|Children,242103,95
"Class, The (Entre les murs)",Drama,790182,73
Lucia,Drama|Romance|Sci-Fi|Thriller,524523,68
Star of Midnight,Comedy|Mystery|Romance,818282,69
Never Talk to Strangers,Crime|Drama|Romance|Thriller,454597,80
Mars Attacks!,Action|Comedy|Sci-Fi,975592,71
Lucky Lady,Comedy|Drama,282136,67
The Improv: 50 Years Behind the Brick Wall,Comedy|Documentary,868200,79
Felix the Cat: The Movie,Adventure|Animation|Children|Fantasy|Musical|Sci-Fi,464723,88
"Welcome Home, Roscoe Jenkins",Comedy,205464,82
"Profession of Arms, The (Il mestiere delle armi)",Adventure|Drama|War,917260,96
Sword of the Valiant,Action|Adventure|Fantasy|Romance,459932,67
"Now You See Him, Now You Don't",Comedy|Sci-Fi,174775,59
From One Second to the Next,Documentary,321206,79
Killers from Space,Sci-Fi,667030,95
Werner - Gekotzt wird später,Animation|Comedy,981244,90
"Magician, The (Ansiktet)",Drama,254521,74
"Hippie Revolution, The",Documentary,824152,64
"My Son, My Son, What Have Ye Done",Drama|Horror,806507,52
Asoka (Ashoka the Great),Action|Drama|Romance,771292,64
Street Scenes ,Documentary,478941,71
Alex Cross,Action|Crime|Mystery|Thriller,810613,93
Boy,Drama|Romance,307952,58
Oh My God,Documentary,682838,69
V2: Dead Angel (Vares 2 - Jäätynyt Enkeli),Action|Comedy|Crime,841865,94
"Desperados, The",Western,235953,73
Antz,Adventure|Animation|Children|Comedy|Fantasy,535862,96
Tales from the Gimli Hospital,Fantasy|Horror,139777,52
One Night Stand,Drama,840364,67
My Foolish Heart,Drama,684313,75
1981,Comedy|Drama|Romance,540267,78
Moon 44,Action|Film-Noir|Sci-Fi|Thriller,909447,55
Blue Crush,Adventure|Drama|Romance,911898,96
What Time Is It There? (Ni neibian jidian),Drama,275231,64
In Search of the Castaways,Adventure|Children,936540,100
Mozart and the Whale,Comedy|Drama|Romance,337403,66
Hesher,Drama,646268,79
What Price Glory,Comedy|Drama|War,892335,92
His New Profession,Comedy,985319,74
Two Sons of Francisco (2 Filhos de Francisco - A História de Zezé di Camargo & Luciano),Drama,272083,83
Method to the Madness of Jerry Lewis,Documentary,518569,92
Chinaman (Kinamand),Drama,680118,65
D.O.A.,Documentary,591091,58
Class of Nuke 'Em High,Comedy|Horror,114587,61
Epic Movie,Adventure|Comedy,715949,71
Bambi 2,Animation|Children|Drama,363352,62
Phantasm II,Action|Fantasy|Horror|Sci-Fi|Thriller,777688,81
"Woman in Red, The",Comedy|Romance,402847,65
Killer (Bulletproof Heart),Drama|Thriller,474657,69
"Secret of My Succe$s, The (a.k.a. The Secret of My Success)",Comedy|Romance,182187,97
11-11-11 (11-11-11: The Prophecy),Horror|Thriller,982575,78
Malta G.C.,Documentary|War,458378,78
Container,Drama|Horror,360819,54
Batch '81,Drama,740046,67
"Rocketeer, The",Action|Adventure|Sci-Fi,786574,73
"Promised Life, The (Vie promise, La)",Drama,308117,100
Howl's Moving Castle (Hauru no ugoku shiro),Adventure|Animation|Fantasy|Romance,690075,83
How High,Comedy,830456,55
Control,Crime|Sci-Fi|Thriller,210807,75
Go for It,Action|Adventure|Comedy,786234,57
Another Gay Movie,Comedy,479764,64
Phantoms,Drama|Horror|Thriller,215446,72
"Shape of Things, The",Drama,462142,94
Koran by Heart,Documentary,220329,63
In Their Sleep (Dans ton sommeil),Horror|Thriller,893023,62
Elephant,Drama,244875,84
"Beaches of Agnes, The (Plages d'Agnès, Les)",Documentary,741147,91
"Late Quartet, A",Drama,834077,56
Gaudi Afternoon,Comedy|Drama|Mystery,557208,65
Loputon Gehennan liekki,Documentary,398424,97
Mamitas,Drama,141288,79
Sleepover,Comedy,239963,53
Diplomatic Siege,Action|Thriller,732155,98
"Hustler, The",Drama,276830,57
"Marine, The",Action|Drama|Thriller,561123,57
Tiny Furniture,Comedy,772832,88
Uncle Boonmee Who Can Recall His Past Lives (Loong Boonmee raleuk chat),Drama|Fantasy,700377,56
"I Was Born, But... (a.k.a. Children of Tokyo) (Otona no miru ehon - Umarete wa mita keredo)",Comedy|Drama,496037,89
King's Ransom,Comedy|Crime,924355,65
"Kingdom II, The (Riget II)",Drama|Horror|Mystery,599122,86
Two Cents Worth of Hope (Due soldi di speranza),Comedy|Romance,699559,61
Once Upon a Time in Mexico,Action|Adventure|Crime|Thriller,866244,72
Runaway,Action|Animation|Comedy,149544,92
"Unvanquished, The (Aparajito)",Drama,734970,59
Caprice,Comedy|Crime|Thriller,973079,81
Shane,Drama|Western,855710,60
Charlie Chan in Egypt,Mystery,939751,97
Mystic River,Crime|Drama|Mystery,160349,50
Alexandra's Project,Drama|Thriller,658723,96
"Glimmer Man, The",Action|Thriller,430327,97
Bhaag Milka Bhaag,Drama,218973,85
How I Killed My Father (a.k.a. My Father and I) (Comment j'ai tué mon Père),Drama,624452,56
"Avengers, The",Action|Adventure,438796,92
"Toll of the Sea, The",Drama|Romance,677558,71
Underclassman,Action|Comedy|Thriller,442997,87
Hail Caesar,Comedy,412813,81
Gods of the Plague (Götter der Pest),Crime|Drama,272317,67
Mike Bassett: England Manager,Comedy,445072,79
"Idiots, The (Idioterne)",Comedy|Drama,601748,51
Faces,Drama,633457,87
Alphabet City,Crime|Drama|Thriller,496037,97
Barefoot in the Park,Comedy,426956,68
"Third Man, The",Film-Noir|Mystery|Thriller,840575,92
Russendisko,Comedy,409382,76
When the Levees Broke: A Requiem in Four Acts,Documentary,294679,80
The Boy Who Cried Werewolf,Children|Horror,527706,81
Committed,Comedy|Drama,507269,87
What the Day Owes the Night,Drama|Romance,793437,87
Perfect Sisters,Drama|Mystery,712374,63
Orlando,Drama|Fantasy|Romance,833717,76
Mad Love (Juana la Loca),Drama,471623,83
Superman Returns,Action|Adventure|Sci-Fi|IMAX,164076,88
Tapeheads,Comedy,533592,77
"Unexpected Love, An",Drama,369686,86
"Nun, The (La monja) ",Horror|Thriller,949647,83
"Thin Man Goes Home, The",Comedy|Crime|Mystery,138666,57
"Door in the Floor, The",Drama,155083,57
How 2 Build a Rapper,Comedy,863315,63
Visions of Light: The Art of Cinematography,Documentary,532082,79
Kevin Smith: Sold Out - A Threevening with Kevin Smith,Comedy|Documentary,484967,91
Miss Austen Regrets,Drama,127463,80
"Trip to Italy, The",Comedy|Drama,642269,80
Manon of the Spring,Drama,267729,69
"Conclave, The",Drama,928673,88
"Buffalo Bill and the Indians, or Sitting Bull's History Lesson (a.k.a. Buffalo Bill and the Indians)",Comedy|Western,811711,73
Why Does Herr R. Run Amok? (Warum läuft Herr R. Amok?),Drama,843485,67
Bitter Rice (Riso amaro),Drama,198071,58
Transcendence,Drama|Sci-Fi|IMAX,192449,84
Evidence,Documentary,776196,87
Al Capone,Crime|Drama,902634,81
Klute,Drama|Mystery,504968,50
Citizen Toxie: The Toxic Avenger IV,Action|Comedy|Horror,851721,95
Family Weekend,Comedy|Drama,521899,63
Rampart,Action|Crime|Drama|Thriller,854476,89
It's Good to Be Alive,Drama,905202,50
"Children of Huang Shi, The",Drama|War,972364,89
ZMD: Zombies of Mass Destruction,Comedy|Horror,505374,78
Patrice O'Neal: Elephant in the Room,Comedy,823413,83
Nobody's Fool,Comedy|Drama|Romance,925126,91
"Journey of Natty Gann, The",Adventure|Children,838677,79
Maryam,Drama,734446,58
"Vodka, Mr. Palmu (Vodkaa, komisario Palmu)",Crime|Mystery,635687,88
"Land That Time Forgot, The",Adventure|Sci-Fi,164958,51
Pajama Party,Comedy,724537,72
"Front, The",Comedy|Drama,630922,57
Mendy: A Question of Faith,Drama,570102,87
Champagne for Caesar,Comedy,594582,69
Ju-on: The Grudge 2,Horror,541012,96
House of Flying Daggers (Shi mian mai fu),Action|Drama|Romance,187719,93
"Eternal Return, The (L'éternel retour)",Drama|Romance,751439,64
Uncle Boonmee Who Can Recall His Past Lives (Loong Boonmee raleuk chat),Drama|Fantasy,491449,75
Incident at Oglala,Documentary,702162,97
Breakfast on Pluto,Comedy|Drama,214681,79
"Stranger, The",Action,515382,59
Man's Favorite Sport?,Comedy,754632,52
Heart of America,Drama,737845,94
Stranger on the Third Floor,Drama|Film-Noir,725877,80
"Funny Thing Happened on the Way to the Forum, A",Comedy|Musical,326759,83
Unmade Beds,Comedy|Drama,973157,83
Forbidden Games (Jeux interdits),Drama|War,725874,73
Give My Regards to Broad Street,Drama|Musical,508697,85
K2,Adventure|Drama,296076,88
"Vampir (Cuadecuc, vampir)",Documentary|Horror,683030,80
Radio Flyer,Drama,433834,63
Zulu,Action|Drama|War,861810,55
Yellow,Comedy|Drama,942092,92
Something in the Air (Apres Mai),Action|Drama,675170,53
A Magnificent Haunting,Drama,820257,54
"Last Days, The",Documentary,616215,75
Wild Boys of the Road,Adventure|Drama|Romance,407742,92
Mr. Nobody,Drama|Fantasy|Romance|Sci-Fi,796427,65
Silent Running,Drama|Sci-Fi,928986,77
Quand je serai petit,Drama,804239,64
Identity,Crime|Horror|Mystery|Thriller,275114,93
"Godfather: Part III, The",Crime|Drama|Mystery|Thriller,205625,61
Executive Action,Crime|Drama,256710,64
Man on Wire,Documentary,826608,63
The Rabbi's Cat (Le chat du rabbin),Adventure|Animation,904407,96
"Blue Angel, The",Drama|Musical,965202,67
Errors of the Human Body ,Drama|Sci-Fi|Thriller,636762,62
Uranus,Comedy|Drama,300410,52
Flight of the Navigator,Adventure|Children|Sci-Fi,937732,85
Skeleton Crew,Horror,260711,72
Bicentennial Man,Drama|Romance|Sci-Fi,175482,68
Red Sonja,Action|Adventure|Fantasy,403128,71
"Aquí llega Condemor, el pecador de la pradera",Comedy|Western,639374,78
"Atlantis, the Lost Continent",Adventure|Sci-Fi,472511,73
Richie Rich,Children|Comedy,340210,100
"Susana (Devil and the Flesh, The)",Drama|Romance,894110,74
A Spell to Ward Off the Darkness,Documentary,676388,61
Nowhere to Run,Action|Romance,816839,76
Stone Reader,Documentary,297906,59
"Red Tent, The (Krasnaya palatka)",Adventure|Drama|Fantasy,365831,58
"Best Years of Our Lives, The",Drama|War,895329,93
"Internecine Project, The",Action|Thriller,471603,79
"Winning of Barbara Worth, The",Drama|Romance|Western,563615,57
Manborg,Action|Adventure|Comedy,980612,75
What's the Worst That Could Happen?,Comedy,342393,61
Godzilla Raids Again (Gojira no gyakushû),Action|Drama|Horror|Romance|Sci-Fi,776996,56
Winter of Frozen Dreams,Crime|Drama,807462,70
To Hell and Back,Action|Drama|War,622086,85
Pohjanmaa,Drama,629910,99
Confessions of a Shopaholic,Comedy|Romance,583446,67
Orlando,Drama|Fantasy|Romance,409134,75
When I Walk,Documentary,844337,68
Breaking and Entering,Drama,936645,79
Islands in the Stream,Drama,716578,87
"Dark Crystal, The",Adventure|Fantasy,867024,84
Jesus Christ Superstar,Drama|Musical,840101,70
Monster House,Animation|Children|Fantasy|Mystery,107333,93
Chapiteau-show (Shapito-shou),Adventure|Comedy,230338,85
Sudden Fear,Film-Noir|Horror|Thriller,237688,67
Panic in Year Zero!,Horror|Sci-Fi|Thriller,726510,78
Familiar Ground,Comedy,670514,81
Milk and Honey,Drama,974751,58
Pilgrimage,Drama,678910,56
Edge of Madness,Drama,596118,98
Kopps,Action|Comedy,966244,97
Big Sur,Drama,796409,60
"Dark Lurking, The",Action|Horror|Sci-Fi,400060,100
"Crimson Rivers, The (Rivières pourpres, Les)",Crime|Drama|Mystery|Thriller,765775,69
Miss Pettigrew Lives for a Day,Comedy|Romance,266700,50
Dante 01,Sci-Fi|Thriller,948468,67
"Excuse Me Darling, But Lucas Loved Me",Comedy,783458,75
Dark Mirror,Thriller,993470,94
Halloweentown High,Adventure|Children|Comedy|Fantasy,578224,63
Broken English,Drama,888753,62
"Tulse Luper Suitcases, Part 1: The Moab Story, The",Adventure|Drama|Fantasy|Film-Noir,833033,81
Abbott and Costello Meet Frankenstein,Comedy|Horror,768661,71
Panda! Go Panda! Rainy Day Circus,Animation|Children,286523,96
Women on the Verge of a Nervous Breakdown (Mujeres al borde de un ataque de nervios),Comedy|Drama,676831,52
Ondine,Drama|Fantasy|Romance,978185,53
Whirlygirl,Drama|Romance,135715,55
Mr. Jealousy,Comedy|Romance,485715,50
Coriolanus,Drama|Thriller,944684,69
Magnolia,Drama,119441,59
Yes,Drama,749395,67
With Byrd at the South Pole,Documentary,604870,72
Adelheid,Drama,424363,65
Divorce American Style,Comedy,547946,79
War and Peace (Voyna i mir),Drama|Romance|War,247309,96
The Chatterley Affair,Drama|Romance,905596,77
Jay-Z: Made in America,Documentary,754554,98
"Redes (Fishermen's Nets) (Wave, The)",Drama,606196,72
"Toy, The",Comedy,104286,52
Peter & the Wolf,Animation|Musical,117017,92
Petulia,Drama,633602,96
"Hundred and One Nights, A (Cent et une nuits de Simon Cinéma, Les)",Comedy,470864,69
Ego,Drama,184898,72
Bombay Beach,Documentary|Drama|Musical,958545,83
"Affairs of Anatol, The",Comedy|Drama,866812,90
Skin Deep,Comedy,854544,77
Julien Donkey-Boy,Drama,897405,88
Come Have Coffee with Us,Comedy,549396,61
Lone Star,Drama|Mystery|Western,992809,72
Chopping Mall (a.k.a. Killbots),Action|Horror|Sci-Fi,436818,74
"Girl in the Red Velvet Swing, The",Crime|Drama|Romance,324188,81
Here Comes Peter Cottontail ,Animation|Children|Musical,451217,54
Swing Time,Comedy|Musical|Romance,530368,85
Brick Lane,Drama,256039,89
My Wife Is a Gangster (Jopog manura),Action|Comedy|Romance,628116,68
Modris,Drama,337021,56
"Deathmaker, The (Totmacher, Der)",Crime|Drama,828599,96
"Caretakers, The",Drama,173110,61
"Way You Wanted Me, The (Sellaisena kuin sinä minut halusit)",Drama|Romance,707216,54
Theodora Goes Wild,Comedy|Romance,561507,54
Cabiria,Adventure|Drama|War,925323,58
Baggage Claim,Comedy,214339,73
Coco Before Chanel (Coco avant Chanel),Drama,331419,53
Tales from the Crypt,Horror,278101,78
Scanners,Horror|Sci-Fi|Thriller,162510,98
For Love of Ivy,Comedy|Drama|Romance,485757,51
"Beast Must Die, The",Horror|Mystery,895839,87
Windy Day (Tuulinen päivä),Drama,453018,72
Wonderland,Comedy|Documentary,633336,67
Costa Brava,Drama,682788,84
Tin Pan Alley,Drama|Musical|Romance,318002,51
"Calcium Kid, The",Comedy,170212,89
"Pest, The",Comedy,776563,86
"Prince of Tides, The",Drama|Romance,811565,51
The Very Thought of You,Drama|Romance,421134,63
Blackout (Murder by Proxy),Crime|Drama|Thriller,467498,77
Real Men,Comedy|Sci-Fi,290835,74
I Know What You Did Last Summer,Horror|Mystery|Thriller,783284,52
Hercules and the Circle of Fire,Action|Adventure|Fantasy,208208,90
"Cinderella Story, A",Comedy|Romance,251811,87
"Grand Seduction, The",Comedy,401706,99
Mad Detective (Sun taam),Action|Crime|Thriller,959615,96
Crime of Passion,Crime|Drama|Film-Noir,540311,93
My Perestroika,Documentary,909272,57
Black Rain,Action|Crime|Drama,837137,97
Blackwoods,Drama|Thriller,570641,58
"Wild Thornberrys Movie, The",Animation|Children|Comedy,276517,74
As Long as You've Got Your Health (Tant qu'on a la santé),Comedy,403430,79
Angel Heart,Film-Noir|Horror|Mystery|Thriller,711099,56
Angels with Dirty Faces,Crime|Drama,489435,58
Three Little Words,Comedy|Musical|Romance,665750,100
"Girl Next Door, The",Crime|Drama|Horror|Thriller,641451,97
I Love Trouble,Crime|Drama,140748,79
Paddington,Children|Comedy,888152,51
Time Stood Still (Il tempo si è fermato),Drama,540451,59
Children of the Revolution,Comedy,121597,93
War Photographer,Documentary|War,780683,54
"All Blossoms Again: Pedro Costa, Director (Tout refleurit: Pedro Costa, cinéaste)",Documentary,953087,60
Rated X,Drama,272445,97
Dorian Gray,Drama|Horror|Sci-Fi,121305,82
Even the Rain (También la lluvia),Drama,342746,57
"Guyver, The",Action|Comedy|Sci-Fi,394900,77
They Might Be Giants,Comedy|Mystery|Romance,744694,56
Bad Biology,Comedy|Fantasy|Thriller,714599,73
Chinese Coffee,Drama,396936,83
Death in Buenos Aires (Muerte en Buenos Aires),Crime|Drama|Romance,354231,59
Heatstroke,Thriller,240938,70
"Strawberry Statement, The",Drama|Romance,660527,54
Walter,Drama,447628,81
Promise of the Flesh (Yukcheui yaksok),(no genres listed),144643,95
"40-Year-Old Virgin, The",Comedy|Romance,651205,91
"Darwin Awards, The",Adventure|Comedy|Romance,798114,76
"Murderous Maids (Blessures assassines, Les)",Drama,866680,59
Love and a .45,Action|Comedy|Crime,780550,75
Shakespeare in Love,Comedy|Drama|Romance,286810,52
Megaforce,Action|Sci-Fi,472338,53
Treasure Island,Adventure|Children,639642,86
Chocolate Strawberry Vanilla,Comedy|Drama,670883,73
Gumshoe,Comedy|Crime|Drama|Mystery,889830,76
Lucas,Drama|Romance,248882,88
Pathfinder (Ofelas),Action|Adventure|Drama,631582,52
Something Borrowed,Comedy|Drama|Romance,190290,82
Far and Away,Adventure|Drama|Romance,244738,50
Strapped,Action|Drama,352710,73
Bachelor Apartment,Comedy|Drama|Romance,252411,65
Light It Up,Drama,597834,69
Hamlet 2,Comedy,539508,76
Contagion / Bio Slime,Horror,450068,86
Big Bad Wolf,Comedy|Horror,702169,72
"Last Command, The",Drama|War,482848,98
Harper,Crime|Drama|Mystery,830780,53
"Power of Kangwon Province, The (Kangwon-do ui him)",Drama,743170,95
"Luck, Trust & Ketchup: Robert Altman in Carver Country",Documentary,676969,79
Uuno in Spain,Comedy,966199,100
Adoration,Drama,373557,75
Already Dead,Action|Fantasy|Thriller,575447,80
Mutiny on the Bounty,Adventure|Drama|Romance,168219,81
Pigs,Comedy,932508,59
Dennis the Menace,Comedy,757392,73
Nine Lives,Horror|Thriller,522440,70
Piranha 3DD (a.k.a. Piranha DD),Comedy|Horror,133009,90
Time After Time,Sci-Fi|Thriller,353316,67
Special 26,Crime|Drama|Thriller,514504,94
Next of Kin,Action|Crime|Thriller,283949,65
Chronicle of the Years of Fire (Chronique des années de braise),Drama,163066,56
"Elvira, Mistress of the Dark",Comedy|Horror,331124,63
Deja Vu,Drama,581931,59
"Werewolf, The",Horror|Sci-Fi,307259,82
Diary of a Country Priest (Journal d'un curé de campagne),Drama,345082,60
"Rise and Fall of Legs Diamond, The",Crime,240768,78
Interceptor,Action|Sci-Fi,280859,75
Dear Wendy,Drama,596288,85
"Letter, The",Drama,413925,65
"Monitors, The",Comedy|Sci-Fi,636104,57
"Commare secca, La (Grim Reaper, The)",Drama|Mystery,316975,68
UHF,Comedy,568315,64
"Thief Lord, The",Adventure|Children|Fantasy,114692,69
Catch Me If You Can,Crime|Drama,779081,70
3 Ninjas Kick Back,Action|Children|Comedy,971264,85
Night and Day,Drama|Musical,509992,97
"Midsummer Night's Dream, A",Comedy|Fantasy|Romance,235938,94
"Men Who Made the Movies: Samuel Fuller, The",Documentary,514551,69
Just a Little Harmless Sex,Comedy|Romance,234872,98
"Susana (Devil and the Flesh, The)",Drama|Romance,698356,79
Crime at the Chinese Restaurant,Comedy|Mystery|Thriller,210639,61
Bamboozled,Comedy,653771,73
Secrets & Lies,Drama,188603,77
3 Backyards,Drama,544164,87
Guns at Batasi,Drama,185495,85
Teen Witch,Comedy,392196,75
Cloudland,Animation,578256,85
Precious,Drama,870801,98
Mama's Boy,Comedy|Drama,632494,92
102 Minutes That Changed America,Documentary,205451,91
Western Union,Western,423676,98
"Greatest Movie Ever Sold, The (POM Wonderful Presents: The Greatest Movie Ever Sold)",Documentary,856266,56
Dimensions of Dialogue (Moznosti dialogu),Animation|Comedy|Fantasy,980079,70
Stars in My Crown,Drama|Western,679319,94
News from a Personal War (Notícias de uma Guerra Particular),Documentary,473263,58
American Pie 2,Comedy,830173,92
"Comebacks, The",Comedy,112575,88
"Villain, The (Le Vilain)",Comedy,944375,77
"Experiment, The",Drama|Thriller,209848,93
Return to Never Land,Adventure|Animation|Children,973765,59
"Eel, The (Unagi)",Drama|Romance,840706,91
Christine,Horror,314999,68
28 Weeks Later,Horror|Sci-Fi|Thriller,385115,86
Chatroom,Crime|Drama|Mystery|Thriller,319529,51
The Party,Drama,600191,73
Two Mules for Sister Sara,Comedy|War|Western,348888,76
"Informant!, The",Comedy|Crime|Drama|Thriller,108289,76
Virtual JFK: Vietnam If Kennedy Had Lived,Documentary,410850,61
Puddle Cruiser,Comedy,566743,79
"Banger Sisters, The",Comedy|Drama,486354,87
Trailer Park Boys: The Movie,Comedy|Crime,709987,92
"Downfall (Untergang, Der)",Drama|War,443538,67
Jackass Number Two,Comedy|Documentary,363070,95
Venus & Fleur,(no genres listed),997977,91
Alias Betty (Betty Fisher et autres histoires),Crime|Drama,860295,80
Possessed (Besat),Action|Crime|Drama|Horror|Thriller,704359,96
"House with Laughing Windows, The (Casa dalle finestre che ridono, La)",Horror|Mystery|Thriller,107792,74
Extreme Movie,Comedy,453486,77
"Clonus Horror, The",Horror|Sci-Fi,730163,57
Space Odyssey: Voyage to the Planets,Documentary|Drama|Sci-Fi,565127,66
Corto Maltese: The Guilded House of Samarkand (La maison dorée de Samarkand),Adventure|Animation|Drama|Romance|War,938817,64
Scrooge,Drama|Fantasy|Musical,990957,61
Vai~E~Vem,Comedy|Drama,424371,65
Scarface,Action|Crime|Drama,397054,75
"Same River Twice, The",Documentary,917910,71
"Thousand Cuts, A",Thriller,591897,62
Mega Piranha,Action|Adventure|Horror|Sci-Fi,453316,53
Hooper,Action|Comedy,897131,50
I Want Someone to Eat Cheese With,Comedy,284628,52
"Separation, The (Séparation, La)",Drama,555284,99
Star 80,Drama,549436,96
"Shout, The",Drama|Horror,902717,52
Breathless (Ddongpari),Crime|Drama,407235,92
Känd från TV,Comedy,189314,89
Love Letters,Drama|Mystery|Romance,298071,88
Flight,Drama,712127,62
Game of Death II (a.k.a. Tower of Death) (Si wang ta),Action|Mystery,740274,64
Beautiful,Drama|Thriller,710989,94
Robin Williams: Weapons of Self Destruction,Comedy,402921,97
Happy Gilmore,Comedy,106762,66
Elite Squad: The Enemy Within (Tropa de Elite 2 - O Inimigo Agora É Outro),Action|Crime|Drama,539762,100
Traffic (Trafic),Comedy,468101,59
Eraser,Action|Drama|Thriller,596935,60
Cape Fear,Crime|Drama|Thriller,596452,95
Indiscretion of an American Wife (a.k.a. Terminal Station) (Stazione Termini),Drama,125890,82
Persuasion,Drama|Romance,757374,89
Return to Lonesome Dove,Drama|Western,864817,55
