_id,product_name,genre,price
65ef0dabfa99e591f2a28732,A Smoky Mountain Christmas,Fantasy,266907
65ef0dabfa99e591f2a28733,Titanica,Documentary|IMAX,497229
65ef0dabfa99e591f2a28734,Kolberg,Drama|War,916307
65ef0dabfa99e591f2a28735,Dr. Goldfoot and the Bikini Machine,Comedy,538052
65ef0dabfa99e591f2a28736,Angel Baby,Drama,875768
65ef0dabfa99e591f2a28737,"5th Musketeer, The (a.k.a. Fifth Musketeer, The)",Adventure,672048
65ef0dabfa99e591f2a28738,American Ninja 5,Action,933011
65ef0dabfa99e591f2a28739,"Matrix Reloaded, The",Action|Adventure|Sci-Fi|Thriller|IMAX,662626
65ef0dabfa99e591f2a2873a,"OH in Ohio, The",Comedy,607017
65ef0dabfa99e591f2a2873b,Cadence,Drama,193866
65ef0dabfa99e591f2a2873c,Send a Bullet (Manda Bala),Documentary,940923
65ef0dabfa99e591f2a2873d,Bigger Than the Sky,Comedy|Drama|Romance,545189
65ef0dabfa99e591f2a2873e,Beastie Boys: Sabotage,(no genres listed),321805
65ef0dabfa99e591f2a2873f,Twin Peaks: Fire Walk with Me,Crime|Drama|Mystery|Thriller,657053
65ef0dabfa99e591f2a28740,In Two Minds,(no genres listed),398860
65ef0dabfa99e591f2a28741,Midnight,Comedy|Romance,105922
65ef0dabfa99e591f2a28742,Something Wild,Comedy|Crime|Drama,254366
65ef0dabfa99e591f2a28743,Sealed Cargo,Thriller|War,341639
65ef0dabfa99e591f2a28744,Sagebrush Trail,Western,643804
65ef0dabfa99e591f2a28745,Inside: 'Dr. Strangelove or How I Learned to Stop Worrying and Love the Bomb',Documentary,732069
65ef0dabfa99e591f2a28746,"Relic, The",Horror|Thriller,210169
65ef0dabfa99e591f2a28747,Tea with Mussolini,Comedy|Drama|War,779496
65ef0dabfa99e591f2a28748,"Slams, The",Action|Drama,316202
65ef0dabfa99e591f2a28749,Cops,Comedy,690275
65ef0dabfa99e591f2a2874a,"Rack, The",Drama|War,378084
65ef0dabfa99e591f2a2874b,Ed Hardy: Tattoo the World ,Documentary,957876
65ef0dabfa99e591f2a2874c,"L-Shaped Room, The",Drama,210860
65ef0dabfa99e591f2a2874d,"Greatest, The",Drama,242825
65ef0dabfa99e591f2a2874e,El malvado Carabel,Comedy,442092
65ef0dabfa99e591f2a2874f,For Keeps,Drama|Romance,549215
65ef0dabfa99e591f2a28750,Rubber Johnny,Animation|Horror,571241
65ef0dabfa99e591f2a28751,Darling,Drama,989189
65ef0dabfa99e591f2a28752,Freeway II: Confessions of a Trickbaby,Comedy|Crime|Drama|Thriller,655015
65ef0dabfa99e591f2a28753,Fancy Pants,Comedy|Western,679793
65ef0dabfa99e591f2a28754,Belle Starr,Western,550380
65ef0dabfa99e591f2a28755,"Hollywood Complex, The",Documentary,751804
65ef0dabfa99e591f2a28756,Reindeer Games,Action|Thriller,784627
65ef0dabfa99e591f2a28757,Zatoichi the Outlaw (Zatôichi rôyaburi) (Zatôichi 16),Action|Drama,654855
65ef0dabfa99e591f2a28758,See How They Fall (Regarde les hommes tomber),Drama,520535
65ef0dabfa99e591f2a28759,American Addict,Documentary,963836
65ef0dabfa99e591f2a2875a,A Star Athlete,Comedy|Drama,296743
65ef0dabfa99e591f2a2875b,Beyond a Reasonable Doubt,Crime|Drama|Film-Noir,678227
65ef0dabfa99e591f2a2875c,"Many Adventures of Winnie the Pooh, The",Animation|Children|Musical,756861
65ef0dabfa99e591f2a2875d,Ceremony,Comedy,992552
65ef0dabfa99e591f2a2875e,Omega Doom,Sci-Fi,640776
65ef0dabfa99e591f2a2875f,Halloween III: Season of the Witch,Horror,390562
65ef0dabfa99e591f2a28760,Predator 2,Action|Sci-Fi|Thriller,129196
65ef0dabfa99e591f2a28761,"King Is Alive, The",Drama,182035
65ef0dabfa99e591f2a28762,Red Corner,Crime|Thriller,666105
65ef0dabfa99e591f2a28763,"End of America, The",Documentary,303241
65ef0dabfa99e591f2a28764,Balls of Fury,Comedy,762358
65ef0dabfa99e591f2a28765,Holy Wars,Documentary,933374
65ef0dabfa99e591f2a28766,James Dean Remembered,Documentary,530417
65ef0dabfa99e591f2a28767,Harmagedon,Action|Drama,424022
65ef0dabfa99e591f2a28768,Boy Meets Girl,Comedy|Romance,385813
65ef0dabfa99e591f2a28769,"Battle of the Sexes, The",Comedy,735189
65ef0dabfa99e591f2a2876a,"Strangler, The",Horror,992117
65ef0dabfa99e591f2a2876b,Caught Inside,Action|Adventure|Horror|Thriller,556737
65ef0dabfa99e591f2a2876c,Ray,Drama,315361
65ef0dabfa99e591f2a2876d,Chariots of the Gods (Erinnerungen an die Zukunft),Documentary,263308
65ef0dabfa99e591f2a2876e,Halo Legends,Action|Animation|Sci-Fi,894315
65ef0dabfa99e591f2a2876f,Venus Boyz,Documentary,635260
65ef0dabfa99e591f2a28770,Centurion,Action|Adventure|Drama|Thriller|War,576580
65ef0dabfa99e591f2a28771,Zandalee,Drama|Thriller,298727
65ef0dabfa99e591f2a28772,BlinkyTM,Horror|Sci-Fi,680631
65ef0dabfa99e591f2a28773,"Mack, The",Crime,701022
65ef0dabfa99e591f2a28774,Angelus,Comedy|Drama,926013
65ef0dabfa99e591f2a28775,Fiston,Comedy,725231
65ef0dabfa99e591f2a28776,Urban Ghost Story,Drama,995753
65ef0dabfa99e591f2a28777,Autómata (Automata),Sci-Fi|Thriller,953007
65ef0dabfa99e591f2a28778,Sherlock Holmes: Terror by Night,Crime|Mystery|Thriller,492058
65ef0dabfa99e591f2a28779,"Electra, My Love (Szerelmem, Elektra)",Drama,823334
65ef0dabfa99e591f2a2877a,The Tattooist,Horror|Thriller,850843
65ef0dabfa99e591f2a2877b,Flow,Drama,708560
65ef0dabfa99e591f2a2877c,Clockwise,Comedy,490325
65ef0dabfa99e591f2a2877d,Untraceable,Crime|Thriller,817523
65ef0dabfa99e591f2a2877e,Evolver,Action|Horror|Sci-Fi,519295
65ef0dabfa99e591f2a2877f,Carbon Copy,Comedy,263627
65ef0dabfa99e591f2a28780,Reign of Fire,Action|Adventure|Fantasy,344774
65ef0dabfa99e591f2a28781,"Steamroller and the Violin, The (Katok i skripka)",Drama,452927
65ef0dabfa99e591f2a28782,Tristan & Isolde,Drama|Romance,914374
65ef0dabfa99e591f2a28783,Heavenly Creatures,Crime|Drama,587698
65ef0dabfa99e591f2a28784,"Mindscape of Alan Moore, The",Documentary,178280
65ef0dabfa99e591f2a28785,White Night (Hvid nat),Drama,219735
65ef0dabfa99e591f2a28786,Went to Coney Island on a Mission From God... Be Back by Five,Drama,774690
65ef0dabfa99e591f2a28787,Watermark,Documentary,930227
65ef0dabfa99e591f2a28788,Altered States,Drama|Sci-Fi,749642
65ef0dabfa99e591f2a28789,"Curious Case of Benjamin Button, The",Drama|Fantasy|Mystery|Romance,815375
65ef0dabfa99e591f2a2878a,Shadow Company,Documentary|War,844563
65ef0dabfa99e591f2a2878b,Free Fall,Drama,643910
65ef0dabfa99e591f2a2878c,"Come On, Rangers",Romance|Western,754218
65ef0dabfa99e591f2a2878d,Beneath the Darkness,Thriller,188721
65ef0dabfa99e591f2a2878e,Ballad of the Little Soldier (Ballade vom kleinen Soldaten),Documentary,146240
65ef0dabfa99e591f2a2878f,Recoil,Action,583886
65ef0dabfa99e591f2a28790,Micki + Maude,Comedy,185331
65ef0dabfa99e591f2a28791,Daltry Calhoun,Comedy|Drama,539647
65ef0dabfa99e591f2a28792,Actresses (Actrices),Comedy|Drama,294394
65ef0dabfa99e591f2a28793,Sherlock Holmes: The Woman in Green,Mystery,128812
65ef0dabfa99e591f2a28794,Eddie and the Cruisers II: Eddie Lives!,Drama|Musical,862884
65ef0dabfa99e591f2a28795,"Bigamist, The",Drama,366061
65ef0dabfa99e591f2a28796,Burma VJ: Reporting from a Closed Country (Burma VJ: Reporter i et lukket land),Documentary,700115
65ef0dabfa99e591f2a28797,Unaccompanied Minors,Children|Comedy,194059
65ef0dabfa99e591f2a28798,Mulan II,Action|Animation|Children|Comedy|Musical,518182
65ef0dabfa99e591f2a28799,They Wait,Horror|Mystery|Thriller,167356
65ef0dabfa99e591f2a2879a,Kiss Me Deadly,Film-Noir,230713
65ef0dabfa99e591f2a2879b,Repossessed,Comedy,437168
65ef0dabfa99e591f2a2879c,Duel at Diablo,War,331609
65ef0dabfa99e591f2a2879d,The Rabbi's Cat (Le chat du rabbin),Adventure|Animation,958683
65ef0dabfa99e591f2a2879e,"Ball, The (Le bal)",Musical,352713
65ef0dabfa99e591f2a2879f,"Unbelievable Truth, The",Comedy|Drama,330484
65ef0dabfa99e591f2a287a0,G.I. Joe: Operation Dragonfire,Action|Animation,734889
65ef0dabfa99e591f2a287a1,Bad Company,Western,705344
65ef0dabfa99e591f2a287a2,Them!,Horror|Sci-Fi|Thriller,519678
65ef0dabfa99e591f2a287a3,Die Fischerin,Drama,243355
65ef0dabfa99e591f2a287a4,Murder on a Sunday Morning (Un coupable idéal),Documentary,293800
65ef0dabfa99e591f2a287a5,Scandal Sheet,Crime|Drama|Film-Noir|Romance|Thriller,509629
65ef0dabfa99e591f2a287a6,"Saga of Gosta Berling, The (Gösta Berlings saga)",Drama|Romance,166546
65ef0dabfa99e591f2a287a7,Sidewalks of New York,Comedy|Romance,419797
65ef0dabfa99e591f2a287a8,The African,Adventure|Comedy,550528
65ef0dabfa99e591f2a287a9,Dirty Sanchez: The Movie,Comedy,722551
65ef0dabfa99e591f2a287aa,Me and Earl and the Dying Girl,Drama,305305
65ef0dabfa99e591f2a287ab,An Alligator Named Daisy,Comedy|Musical|Romance,643749
65ef0dabfa99e591f2a287ac,Two-Way Stretch,Comedy|Crime,135527
65ef0dabfa99e591f2a287ad,Ingeborg Holm,Drama,971074
65ef0dabfa99e591f2a287ae,"Life and Nothing But (Vie et rien d'autre, La)",Drama,222014
65ef0dabfa99e591f2a287af,Bang the Drum Slowly,Drama,149669
65ef0dabfa99e591f2a287b0,Haunted Echoes,Thriller,243369
65ef0dabfa99e591f2a287b1,Every Other Weekend (Un week-end sur deux),Drama,963821
65ef0dabfa99e591f2a287b2,"Truth of Lie, The (Die Wahrheit der Lüge)",Drama|Thriller,213899
65ef0dabfa99e591f2a287b3,"Man Who Never Was, The",Drama|War,838046
65ef0dabfa99e591f2a287b4,Pickup on South Street,Film-Noir,904257
65ef0dabfa99e591f2a287b5,"Boys: The Sherman Brothers' Story, The",Documentary,949964
65ef0dabfa99e591f2a287b6,Kansas,Crime|Drama,955484
65ef0dabfa99e591f2a287b7,Tyler Perry's Madea's Big Happy Family,Comedy|Drama,505214
65ef0dabfa99e591f2a287b8,Silent Light (Stellet licht),Drama,703811
65ef0dabfa99e591f2a287b9,Samson and Delilah,Adventure|Drama,543410
65ef0dabfa99e591f2a287ba,Ten Seconds to Hell,Action|Drama|Romance|War,536794
65ef0dabfa99e591f2a287bb,Alaska,Adventure|Children,844053
65ef0dabfa99e591f2a287bc,Candyman,Horror|Thriller,985169
65ef0dabfa99e591f2a287bd,Mister 880,Comedy,283717
65ef0dabfa99e591f2a287be,Dark Days,Documentary,510118
65ef0dabfa99e591f2a287bf,Stevie,Documentary,340517
65ef0dabfa99e591f2a287c0,Circus,Crime|Drama|Thriller,221220
65ef0dabfa99e591f2a287c1,Comandante,Documentary,101173
65ef0dabfa99e591f2a287c2,"Scarlet Letter, The (Der scharlachrote Buchstabe)",Drama,667423
65ef0dabfa99e591f2a287c3,Buster Keaton: A Hard Act to Follow,Documentary,699609
65ef0dabfa99e591f2a287c4,Journey to the Far Side of the Sun (a.k.a. Doppelgänger),Fantasy|Mystery|Sci-Fi|Thriller,692501
65ef0dabfa99e591f2a287c5,Lord of the Flies,Adventure|Drama|Thriller,199453
65ef0dabfa99e591f2a287c6,Shooting War,Documentary,306383
65ef0dabfa99e591f2a287c7,Bend of the River,Western,549349
65ef0dabfa99e591f2a287c8,Will Ferrell: You're Welcome America - A Final Night with George W Bush,Comedy,556371
65ef0dabfa99e591f2a287c9,Dirty,Crime|Drama|Thriller,831350
65ef0dabfa99e591f2a287ca,"Red Violin, The (Violon rouge, Le)",Drama|Mystery,632836
65ef0dabfa99e591f2a287cb,"Gunfighter, The",Action|Western,304808
65ef0dabfa99e591f2a287cc,Rings on Her Fingers,Comedy|Romance,285455
65ef0dabfa99e591f2a287cd,"Santa Clause 3: The Escape Clause, The",Comedy|Fantasy,786199
65ef0dabfa99e591f2a287ce,Charlie's Country,Drama,213048
65ef0dabfa99e591f2a287cf,"Mating Season, The",Comedy,428758
65ef0dabfa99e591f2a287d0,Dead Heat,Action|Comedy|Horror|Sci-Fi,594595
65ef0dabfa99e591f2a287d1,Shadow Company,Documentary|War,817114
65ef0dabfa99e591f2a287d2,New Jack City,Action|Crime|Drama,317337
65ef0dabfa99e591f2a287d3,5 Fingers,Drama|Thriller,449402
65ef0dabfa99e591f2a287d4,Air Guitar Nation,Comedy|Documentary|Musical,438641
65ef0dabfa99e591f2a287d5,Bjarnfreðarson,Comedy|Drama,651711
65ef0dabfa99e591f2a287d6,Provocateur (Prowokator),Drama,756654
65ef0dabfa99e591f2a287d7,Jonathan Livingston Seagull,Drama,401734
65ef0dabfa99e591f2a287d8,Straight Shooting,Western,926948
65ef0dabfa99e591f2a287d9,Abbott and Costello Meet the Keystone Kops,Comedy,387008
65ef0dabfa99e591f2a287da,"King of Texas, The",Documentary,282739
65ef0dabfa99e591f2a287db,Force 10 from Navarone,Action|Drama|War,754171
65ef0dabfa99e591f2a287dc,Grind,Action|Comedy,425441
65ef0dabfa99e591f2a287dd,In the Company of Men,Comedy|Drama,539793
65ef0dabfa99e591f2a287de,Mushrooming (Seenelkäik),Adventure|Comedy|Thriller,214306
65ef0dabfa99e591f2a287df,Yatterman (Yattâman),Action|Comedy|Fantasy,305979
65ef0dabfa99e591f2a287e0,Police State,Drama,802453
65ef0dabfa99e591f2a287e1,"Man Named Pearl, A",Documentary,836641
65ef0dabfa99e591f2a287e2,Cypher,Action|Sci-Fi|Thriller,899839
65ef0dabfa99e591f2a287e3,"Great Outdoors, The",Comedy,835408
65ef0dabfa99e591f2a287e4,Class,Comedy,210544
65ef0dabfa99e591f2a287e5,Crimes of the Future,Comedy|Sci-Fi,540941
65ef0dabfa99e591f2a287e6,Poetry (Shi),Drama,927545
65ef0dabfa99e591f2a287e7,They Came Back (Les Revenants),Drama|Fantasy,418445
65ef0dabfa99e591f2a287e8,Dot the I,Drama|Film-Noir|Thriller,428410
65ef0dabfa99e591f2a287e9,I Knew It Was You: Rediscovering John Cazale,Documentary,862443
65ef0dabfa99e591f2a287ea,"End of Violence, The",Drama|Thriller,409210
65ef0dabfa99e591f2a287eb,Hum Dil De Chuke Sanam,Drama|Romance,163083
65ef0dabfa99e591f2a287ec,Russian Ark (Russkiy Kovcheg),Drama|Fantasy|War,841729
65ef0dabfa99e591f2a287ed,Man of Steel,Action|Adventure|Fantasy|Sci-Fi|IMAX,277568
65ef0dabfa99e591f2a287ee,Shakes the Clown,Comedy,548884
65ef0dabfa99e591f2a287ef,Supernova,Adventure|Sci-Fi|Thriller,875760
65ef0dabfa99e591f2a287f0,"Station, The (Blutgletscher)",Horror,921326
65ef0dabfa99e591f2a287f1,Legalese,Crime|Drama|Romance,507619
65ef0dabfa99e591f2a287f2,La guerre des tuques,Adventure|Children|Comedy|Drama,232491
65ef0dabfa99e591f2a287f3,Trigun: Badlands Rumble,Action|Animation|Sci-Fi|Western,531833
65ef0dabfa99e591f2a287f4,Happy End,Drama,100699
65ef0dabfa99e591f2a287f5,"Eclipse, The",Drama|Horror|Thriller,943610
65ef0dabfa99e591f2a287f6,"Django the Bastard (Strangers Gundown, The) (Django il bastardo)",Action|Thriller|Western,192455
65ef0dabfa99e591f2a287f7,Something to Talk About,Comedy|Drama|Romance,217063
65ef0dabfa99e591f2a287f8,Bluebeard,Film-Noir|Horror,497818
65ef0dabfa99e591f2a287f9,"Monuments Men, The",Action|Drama|War,577213
65ef0dabfa99e591f2a287fa,"Cassandra Crossing, The",Drama,139177
65ef0dabfa99e591f2a287fb,Wreckers,Drama,312416
65ef0dabfa99e591f2a287fc,"Texas Chainsaw Massacre: The Beginning, The",Horror|Thriller,417780
65ef0dabfa99e591f2a287fd,Dr. Moreau's House of Pain,Horror,587794
65ef0dabfa99e591f2a287fe,Eddie,Comedy,782320
65ef0dabfa99e591f2a287ff,Monty Python Live (Mostly),Animation|Comedy|Musical,747749
65ef0dabfa99e591f2a28800,Caravaggio,Drama,947363
65ef0dabfa99e591f2a28801,How to Get Ahead in Advertising,Comedy|Fantasy,875021
65ef0dabfa99e591f2a28802,Grand Theft Auto,Action|Comedy,642133
65ef0dabfa99e591f2a28803,Queen of Hearts,Comedy|Drama|Romance,518735
65ef0dabfa99e591f2a28804,"Dark Hours, The",Horror|Thriller,888535
65ef0dabfa99e591f2a28805,Farah Goes Bang,Comedy,180066
65ef0dabfa99e591f2a28806,"Thrill of It All, The",Comedy,539891
65ef0dabfa99e591f2a28807,Addicted,Drama,800893
65ef0dabfa99e591f2a28808,Eva (a.k.a. Eve),Drama,251076
65ef0dabfa99e591f2a28809,The Brain,Comedy|Crime,988330
65ef0dabfa99e591f2a2880a,Frankenstein Conquers the World,Action|Drama|Sci-Fi,570208
65ef0dabfa99e591f2a2880b,Inside Moves,Drama,745174
65ef0dabfa99e591f2a2880c,Tess,Drama|Romance,291608
65ef0dabfa99e591f2a2880d,"Return of the Prodigal Son, The (Návrat ztraceného syna)",Drama,960640
65ef0dabfa99e591f2a2880e,Baby Boom,Comedy,768518
65ef0dabfa99e591f2a2880f,Die,Thriller,176771
65ef0dabfa99e591f2a28810,Jarhead,Action|Drama|War,373556
65ef0dabfa99e591f2a28811,Gentlemen Prefer Blondes,Comedy|Musical|Romance,603698
65ef0dabfa99e591f2a28812,Abelar: Tales of an Ancient Empire (Tales of an Ancient Empire),Fantasy,239522
65ef0dabfa99e591f2a28813,Giant,Drama|Romance|Western,186875
65ef0dabfa99e591f2a28814,"People, Places, Things",Comedy,979809
65ef0dabfa99e591f2a28815,"Joke, The (Zert)",Drama,616349
65ef0dabfa99e591f2a28816,At Sea,Documentary,461379
65ef0dabfa99e591f2a28817,Sharpe's Sword,Action|Adventure|War,627294
65ef0dabfa99e591f2a28818,Sherlock Holmes: Terror by Night,Crime|Mystery|Thriller,835982
65ef0dabfa99e591f2a28819,"Blood, Sweat + Vinyl: DIY in the 21st Century",Documentary,489875
65ef0dabfa99e591f2a2881a,To the Wonder,Drama|Romance,679568
65ef0dabfa99e591f2a2881b,One Nine Nine Four,Documentary,806229
65ef0dabfa99e591f2a2881c,"Few Best Men, A",Comedy,801594
65ef0dabfa99e591f2a2881d,Eminem AKA ,Documentary,466989
65ef0dabfa99e591f2a2881e,"Hills Have Eyes Part II, The",Horror,605195
65ef0dabfa99e591f2a2881f,Just Ask My Children,Drama,674989
65ef0dabfa99e591f2a28820,Diplomatic Immunity (2009– ),Comedy,587350
65ef0dabfa99e591f2a28821,Promise of the Flesh (Yukcheui yaksok),(no genres listed),121425
65ef0dabfa99e591f2a28822,Beauty #2,Drama,291895
65ef0dabfa99e591f2a28823,"Rough House, The",Comedy,750135
65ef0dabfa99e591f2a28824,Chu Chin Chow,Comedy|Fantasy|Musical,107900
65ef0dabfa99e591f2a28825,At the Circus,Comedy|Musical,937450
65ef0dabfa99e591f2a28826,Aashiqui 2,Drama|Musical|Romance,246816
65ef0dabfa99e591f2a28827,With Love... from the Age of Reason,Comedy|Romance,488937
65ef0dabfa99e591f2a28828,"Kiss Me, Guido",Comedy,997312
65ef0dabfa99e591f2a28829,Street Scene,Drama,111376
65ef0dabfa99e591f2a2882a,Freddy vs. Jason,Action|Horror|Thriller,605667
65ef0dabfa99e591f2a2882b,In the Beginning (À l'Origine),Drama,967351
65ef0dabfa99e591f2a2882c,Galaxy of Terror (Quest),Action|Horror|Mystery|Sci-Fi,676209
65ef0dabfa99e591f2a2882d,Ryan,Animation|Documentary|Drama|Fantasy,980890
65ef0dabfa99e591f2a2882e,Four Sons,Drama|War,342036
65ef0dabfa99e591f2a2882f,Griff the Invisible,Comedy|Drama|Romance,100638
65ef0dabfa99e591f2a28830,This Man Must Die (Que la bête meure),Crime|Drama|Thriller,259749
65ef0dabfa99e591f2a28831,Ciao Manhattan (Ciao! Manhattan),Documentary|Drama|Romance,553707
65ef0dabfa99e591f2a28832,Angela,Drama,350784
65ef0dabfa99e591f2a28833,MacGyver: Trail to Doomsday,Action|Adventure,685285
65ef0dabfa99e591f2a28834,Molly Maxwell,Drama|Romance,215103
65ef0dabfa99e591f2a28835,"I Love You, I Love You (Je t'aime je t'aime)",Drama|Sci-Fi,415178
65ef0dabfa99e591f2a28836,Beauty Day,Documentary,709687
65ef0dabfa99e591f2a28837,What Women Want,Comedy|Romance,836766
65ef0dabfa99e591f2a28838,The Lunchbox,Drama|Romance,226563
65ef0dabfa99e591f2a28839,Thank Your Lucky Stars,Comedy|Musical,100370
65ef0dabfa99e591f2a2883a,Character (Karakter),Drama,681595
65ef0dabfa99e591f2a2883b,Racing with the Moon,Comedy|Drama|Romance,709323
65ef0dabfa99e591f2a2883c,Defendor,Comedy|Crime|Drama,651500
65ef0dabfa99e591f2a2883d,Accepted,Comedy,702978
65ef0dabfa99e591f2a2883e,Annapolis,Drama,688094
65ef0dabfa99e591f2a2883f,"Avenging Conscience, The",Drama|Horror,671209
65ef0dabfa99e591f2a28840,"Sadness of Sex, The",Drama,843651
65ef0dabfa99e591f2a28841,Street of Shame (Akasen chitai),Drama,237558
65ef0dabfa99e591f2a28842,Dreamcatcher,Drama|Horror|Sci-Fi|Thriller,783601
65ef0dabfa99e591f2a28843,Into the Blue 2: The Reef,Action|Adventure|Thriller,771815
65ef0dabfa99e591f2a28844,Head Over Heels (De Pernas pro Ar),Comedy,763751
65ef0dabfa99e591f2a28845,Blind Date,Comedy|Romance,324139
65ef0dabfa99e591f2a28846,Honkytonk Man,Comedy|Drama,325719
65ef0dabfa99e591f2a28847,Dead Heat on a Merry-Go-Round,Comedy|Crime,215902
65ef0dabfa99e591f2a28848,"Whistle Blower, The",Thriller,199599
65ef0dabfa99e591f2a28849,Khodorkovsky,Documentary|Drama,580317
65ef0dabfa99e591f2a2884a,Infection (Kansen),Drama|Horror,852549
65ef0dabfa99e591f2a2884b,Bad Country,Action|Crime|Drama|Thriller,715795
65ef0dabfa99e591f2a2884c,Winter Nomads,Documentary,849540
65ef0dabfa99e591f2a2884d,Gangster No. 1,Action|Crime|Thriller,364232
65ef0dabfa99e591f2a2884e,Incident at Blood Pass (Machibuse) (Ambush),Action|Drama,716713
65ef0dabfa99e591f2a2884f,Sylvia Scarlett,Comedy|Drama|Romance,474645
65ef0dabfa99e591f2a28850,"Man from Earth, The",Drama|Sci-Fi,334059
65ef0dabfa99e591f2a28851,"Spanish Earth, The",Documentary,201264
65ef0dabfa99e591f2a28852,"Slums of Beverly Hills, The",Comedy|Drama,200434
65ef0dabfa99e591f2a28853,Spiritual Kung Fu (Quan jing),Action,388272
65ef0dabfa99e591f2a28854,On Any Sunday,Documentary,478580
65ef0dabfa99e591f2a28855,Glumov's Diary (Dnevnik Glumova),(no genres listed),442754
65ef0dabfa99e591f2a28856,Lock Up,Action|Adventure|Crime|Drama|Thriller,331915
65ef0dabfa99e591f2a28857,Tartuffe (Herr Tartüff),Drama,807730
65ef0dabfa99e591f2a28858,Love Streams,Comedy|Drama,903347
65ef0dabfa99e591f2a28859,I've Loved You So Long (Il y a longtemps que je t'aime),Drama|Mystery,772544
65ef0dabfa99e591f2a2885a,"Hudsucker Proxy, The",Comedy,599078
65ef0dabfa99e591f2a2885b,Badlands,Crime|Drama|Thriller,239192
65ef0dabfa99e591f2a2885c,Wilby Wonderful,Drama,205305
65ef0dabfa99e591f2a2885d,Barbarians at the Gate,Drama,493520
65ef0dabfa99e591f2a2885e,Extreme Prejudice,Action,322187
65ef0dabfa99e591f2a2885f,Unthinkable,Drama|Thriller,865138
65ef0dabfa99e591f2a28860,Group Sex,Comedy,682852
65ef0dabfa99e591f2a28861,Search for the Beast,Horror,320376
65ef0dabfa99e591f2a28862,Simon Killer ,Drama,948848
65ef0dabfa99e591f2a28863,Brink of Life (Nära livet),Drama,149414
65ef0dabfa99e591f2a28864,My Own Private Idaho,Drama|Romance,908652
65ef0dabfa99e591f2a28865,You Ain't Seen Nothin' Yet (Vous n'avez encore rien vu),Drama,826632
65ef0dabfa99e591f2a28866,Pulse,Action|Drama|Fantasy|Horror|Mystery|Sci-Fi|Thriller,160393
65ef0dabfa99e591f2a28867,Captain January,Children|Comedy|Musical,449600
65ef0dabfa99e591f2a28868,"Reincarnation of Peter Proud, The",Horror|Mystery,614182
65ef0dabfa99e591f2a28869,Three Little Words,Comedy|Musical|Romance,244549
65ef0dabfa99e591f2a2886a,Dark Alibi,Crime|Drama|Mystery|Thriller,332738
65ef0dabfa99e591f2a2886b,Boys Life,Drama,773196
65ef0dabfa99e591f2a2886c,But I'm a Cheerleader,Comedy,124308
65ef0dabfa99e591f2a2886d,"Betrayed (True and the Brave, The)",Drama|Romance|Thriller|War,446035
65ef0dabfa99e591f2a2886e,"Lord, Save Us from Your Followers",Documentary,733246
65ef0dabfa99e591f2a2886f,"Letter for the King, The (Brief voor de koning, De)",Adventure,934798
65ef0dabfa99e591f2a28870,The Island,Drama|Mystery,466283
65ef0dabfa99e591f2a28871,The Great Kidnapping,Action|Crime|Thriller,204683
65ef0dabfa99e591f2a28872,"Commitments, The",Comedy|Drama|Musical,920594
65ef0dabfa99e591f2a28873,Stevie Nicks: Live at Red Rocks,Documentary|Musical,740886
65ef0dabfa99e591f2a28874,Wing Commander,Action|Sci-Fi,173715
65ef0dabfa99e591f2a28875,Eila,Drama,221175
65ef0dabfa99e591f2a28876,Soccer Days,Comedy,273149
65ef0dabfa99e591f2a28877,"Den, The",Horror|Thriller,458266
65ef0dabfa99e591f2a28878,Wrecked,Thriller,619098
65ef0dabfa99e591f2a28879,The Private Life of Deer,Documentary,584880
65ef0dabfa99e591f2a2887a,"Time of the Wolf, The (Le temps du loup)",Drama,254886
65ef0dabfa99e591f2a2887b,This American Journey,Documentary,829441
65ef0dabfa99e591f2a2887c,Rembrandt's J'accuse,Documentary|Mystery,951539
65ef0dabfa99e591f2a2887d,Boys' Night Out,Comedy,767950
65ef0dabfa99e591f2a2887e,Friday Night (Vendredi Soir),Drama,799680
65ef0dabfa99e591f2a2887f,Igby Goes Down,Comedy|Drama,199539
65ef0dabfa99e591f2a28880,Mrs. Henderson Presents,Comedy|Drama,658855
65ef0dabfa99e591f2a28881,Bliss (Mutluluk),Drama,865561
65ef0dabfa99e591f2a28882,Austin Powers: International Man of Mystery,Action|Adventure|Comedy,500841
65ef0dabfa99e591f2a28883,"Oath, The",Documentary,171028
65ef0dabfa99e591f2a28884,"Search, The",Drama|War,845733
65ef0dabfa99e591f2a28885,How the West Was Fun,Children|Western,275236
65ef0dabfa99e591f2a28886,White Zombie,Horror,223509
65ef0dabfa99e591f2a28887,"Devil's Carnival, The",Horror|Musical,953004
65ef0dabfa99e591f2a28888,"Faraway, So Close (In weiter Ferne, so nah!)",Drama|Fantasy|Mystery|Romance,860806
65ef0dabfa99e591f2a28889,Accused (Anklaget),Drama,977806
65ef0dabfa99e591f2a2888a,Closed Curtain,(no genres listed),293568
65ef0dabfa99e591f2a2888b,Last Passenger,Action|Mystery|Thriller,413053
65ef0dabfa99e591f2a2888c,"Pearls of the Crown, The (Les perles de la couronne)",Comedy,585598
65ef0dabfa99e591f2a2888d,Things We Lost in the Fire,Drama|Romance,375417
65ef0dabfa99e591f2a2888e,Lucky Break (a.k.a. Paperback Romance),Comedy|Romance,845037
65ef0dabfa99e591f2a2888f,Against the Current,Drama,790323
65ef0dabfa99e591f2a28890,Stitch! The Movie,Animation|Children|Comedy,190744
65ef0dabfa99e591f2a28891,Bedlam,Drama|Horror,563286
65ef0dabfa99e591f2a28892,Roberto Succo,Crime|Drama,799629
65ef0dabfa99e591f2a28893,Roadie,Comedy|Musical,328777
65ef0dabfa99e591f2a28894,Swimming with Sharks,Comedy|Drama,969240
65ef0dabfa99e591f2a28895,Benji the Hunted,Adventure|Children,978309
65ef0dabfa99e591f2a28896,Guns of the Magnificent Seven,Action|Adventure|Drama|Western,192900
65ef0dabfa99e591f2a28897,Just the Ticket,Comedy|Romance,485986
65ef0dabfa99e591f2a28898,Even Angels Eat Beans,Action|Comedy|Crime,569959
65ef0dabfa99e591f2a28899,"Princess and the Goblin, The",Animation|Fantasy,386390
65ef0dabfa99e591f2a2889a,"Oak, The (Balanta)",Comedy|Drama,408562
65ef0dabfa99e591f2a2889b,"Inheritors, The (Siebtelbauern, Die)",Drama|Mystery,388271
65ef0dabfa99e591f2a2889c,Sir Arne's Treasure,Drama,283814
65ef0dabfa99e591f2a2889d,Zatoichi and the Doomed Man (Zatôichi sakate giri) (Zatôichi 11),Action|Drama,203988
65ef0dabfa99e591f2a2889e,Dodsworth,Drama|Romance,585006
65ef0dabfa99e591f2a2889f,Amelia,Drama,129456
65ef0dabfa99e591f2a288a0,"Rough House, The",Comedy,593730
65ef0dabfa99e591f2a288a1,Bright Eyes,Comedy|Drama,873667
65ef0dabfa99e591f2a288a2,Water Lilies (Naissance des pieuvres),Drama,290946
65ef0dabfa99e591f2a288a3,That Old Feeling,Comedy|Romance,920341
65ef0dabfa99e591f2a288a4,"Monster Walks, The",Horror,147137
65ef0dabfa99e591f2a288a5,12 Dates of Christmas,Children|Comedy|Fantasy|Romance,535546
65ef0dabfa99e591f2a288a6,"Brøken, The (a.k.a. Broken, The)",Drama|Horror|Thriller,215134
65ef0dabfa99e591f2a288a7,Water Drops on Burning Rocks,Drama,694555
65ef0dabfa99e591f2a288a8,"Sleep, My Love",Drama|Film-Noir|Mystery,881775
65ef0dabfa99e591f2a288a9,"Necessary War, The",Documentary,511780
65ef0dabfa99e591f2a288aa,Reign of Fire,Action|Adventure|Fantasy,114780
65ef0dabfa99e591f2a288ab,Everything,Drama|Mystery,116960
65ef0dabfa99e591f2a288ac,Viva,Comedy|Drama|Musical,271768
65ef0dabfa99e591f2a288ad,It's a Wonderful Afterlife,Comedy|Drama|Horror|Romance,593937
65ef0dabfa99e591f2a288ae,"Bloody Child, The",Drama|Thriller,597255
65ef0dabfa99e591f2a288af,Noise,Comedy|Drama,103133
65ef0dabfa99e591f2a288b0,Louisiana Story,Drama,920108
65ef0dabfa99e591f2a288b1,Pekka ja Pätkä lumimiehen jäljillä,Comedy,706390
65ef0dabfa99e591f2a288b2,Mad Love (Juana la Loca),Drama,586239
65ef0dabfa99e591f2a288b3,"Mystery of the Third Planet, The (Tayna tretey planety)",Adventure|Animation|Sci-Fi,891954
65ef0dabfa99e591f2a288b4,Wet Hot American Summer,Comedy,373803
65ef0dabfa99e591f2a288b5,"Peace, Propaganda & the Promised Land",Documentary,875796
65ef0dabfa99e591f2a288b6,"Jungle Book, The",Animation|Children|Comedy|Musical,774830
65ef0dabfa99e591f2a288b7,"Swordsman II (Legend of the Swordsman, The) (Xiao ao jiang hu zhi: Dong Fang Bu Bai)",Action|Fantasy,190871
65ef0dabfa99e591f2a288b8,Eccentricities of a Blonde-haired Girl (Singularidades de uma Rapariga Loura),Drama|Romance,616746
65ef0dabfa99e591f2a288b9,"Normal Heart, The",Drama,301403
65ef0dabfa99e591f2a288ba,Doomwatch,Mystery|Sci-Fi|Thriller,896519
65ef0dabfa99e591f2a288bb,Return to Peyton Place,Drama,199227
65ef0dabfa99e591f2a288bc,North Country,Drama,972442
65ef0dabfa99e591f2a288bd,Kids,Drama,812816
65ef0dabfa99e591f2a288be,Nightcap (Merci pour le chocolat),Crime|Thriller,549706
65ef0dabfa99e591f2a288bf,"Tomorrow, the World!",Drama,211136
65ef0dabfa99e591f2a288c0,Stanley and Livingstone,Adventure|Drama,998037
65ef0dabfa99e591f2a288c1,13 Sins,Horror|Thriller,502826
65ef0dabfa99e591f2a288c2,"Centenarian Who Climbed Out the Window and Vanished, The (Hundraåringen som klev ut genom fönstret och försvann)",Adventure|Comedy|Drama,403120
65ef0dabfa99e591f2a288c3,"Prey, The (La proie)",Action|Crime|Thriller,281922
65ef0dabfa99e591f2a288c4,Chesty: A Tribute to a Legend,Documentary,845850
65ef0dabfa99e591f2a288c5,71 Fragments of a Chronology of Chance (71 Fragmente einer Chronologie des Zufalls),Drama,130269
65ef0dabfa99e591f2a288c6,Ray,Drama,106373
65ef0dabfa99e591f2a288c7,Tron: Legacy,Action|Adventure|Sci-Fi|IMAX,794020
65ef0dabfa99e591f2a288c8,Cool Air,Horror,509036
65ef0dabfa99e591f2a288c9,Flamingo Road,Drama|Romance,652558
65ef0dabfa99e591f2a288ca,"Hijacking Catastrophe: 9/11, Fear & the Selling of American Empire",Documentary,496529
65ef0dabfa99e591f2a288cb,Air Bud,Children|Comedy,769098
65ef0dabfa99e591f2a288cc,Sholay,Action|Adventure|Comedy|Musical|Romance|Thriller,975720
65ef0dabfa99e591f2a288cd,"Return of Doctor X, The",Horror|Mystery|Sci-Fi|Thriller,139117
65ef0dabfa99e591f2a288ce,Tom and Jerry: The Movie,Animation|Children|Comedy,259226
65ef0dabfa99e591f2a288cf,In Cold Blood,Crime,277625
65ef0dabfa99e591f2a288d0,Service (Serbis),Drama,215474
65ef0dabfa99e591f2a288d1,Neds,Drama,559071
65ef0dabfa99e591f2a288d2,Tenderness (Hellyys),Comedy,652458
65ef0dabfa99e591f2a288d3,From Hell,Crime|Horror|Mystery|Thriller,846528
65ef0dabfa99e591f2a288d4,My Boy,Comedy|Drama,942515
65ef0dabfa99e591f2a288d5,Contagion,Sci-Fi|Thriller|IMAX,447218
65ef0dabfa99e591f2a288d6,Les Formidables (Gang-jeok),Action|Adventure|Crime,671705
65ef0dabfa99e591f2a288d7,"Page Turner, The (Tourneuse de pages, La)",Drama|Musical|Thriller,707262
65ef0dabfa99e591f2a288d8,Never Say... Never! (Il ne faut jurer... de rien!),Comedy,939589
65ef0dabfa99e591f2a288d9,You Don't Mess with the Zohan,Comedy,124419
65ef0dabfa99e591f2a288da,Maborosi (Maboroshi no hikari),Drama,324028
65ef0dabfa99e591f2a288db,"Summer Wishes, Winter Dreams",Drama,776976
65ef0dabfa99e591f2a288dc,Dirty Bomb,Comedy,787299
65ef0dabfa99e591f2a288dd,Crazy Thunder Road,Action|Sci-Fi,813336
65ef0dabfa99e591f2a288de,War Photographer,Documentary|War,722574
65ef0dabfa99e591f2a288df,Frontière(s),Drama|Horror|Thriller,516403
65ef0dabfa99e591f2a288e0,ATL,Drama,182541
65ef0dabfa99e591f2a288e1,Wedding Belles,Comedy|Drama,102526
65ef0dabfa99e591f2a288e2,Sunnyside,Comedy,124104
65ef0dabfa99e591f2a288e3,Hello Again,Comedy,797795
65ef0dabfa99e591f2a288e4,Three Times (Zui hao de shi guang),Drama|Romance,377179
65ef0dabfa99e591f2a288e5,Privilege,Drama|Musical,957208
65ef0dabfa99e591f2a288e6,Sandra of a Thousand Delights (Vaghe stelle dell'Orsa...),Drama,243888
65ef0dabfa99e591f2a288e7,Airport,Drama,236443
65ef0dabfa99e591f2a288e8,"Simple Life, A (Tao jie)",Drama,465458
65ef0dabfa99e591f2a288e9,Playground,(no genres listed),306287
65ef0dabfa99e591f2a288ea,Horror of the Zombies,Horror,591237
65ef0dabfa99e591f2a288eb,Earth to Echo,Adventure|Children|Sci-Fi,157024
65ef0dabfa99e591f2a288ec,Brother Orchid,Comedy|Crime|Drama|Romance,910545
65ef0dabfa99e591f2a288ed,You're Next,Horror|Thriller,948750
65ef0dabfa99e591f2a288ee,Whisky,Comedy|Drama,697341
65ef0dabfa99e591f2a288ef,How to Irritate People,Comedy,203529
65ef0dabfa99e591f2a288f0,Horrible Bosses,Comedy|Crime,691787
65ef0dabfa99e591f2a288f1,Little Big League,Comedy|Drama,624496
65ef0dabfa99e591f2a288f2,Nobody Wants the Night,Drama,724075
65ef0dabfa99e591f2a288f3,Gentlemen Broncos,Comedy,828758
65ef0dabfa99e591f2a288f4,Righteous Kill,Crime|Mystery|Thriller,288771
65ef0dabfa99e591f2a288f5,Water,Drama|Romance,908076
65ef0dabfa99e591f2a288f6,Sombre,Drama|Horror,887802
65ef0dabfa99e591f2a288f7,Ghetto (Vilniaus Getas),War,316753
65ef0dabfa99e591f2a288f8,Devil in the Flesh,Drama|Romance,206074
65ef0dabfa99e591f2a288f9,More Dead Than Alive,Romance|Western,285736
65ef0dabfa99e591f2a288fa,"Atomic States of America, The",Documentary,656425
65ef0dabfa99e591f2a288fb,Like Mike,Children|Comedy|Fantasy,923058
65ef0dabfa99e591f2a288fc,José and Pilar (José e Pilar),Documentary,697239
65ef0dabfa99e591f2a288fd,"Story of Women (Affaire de femmes, Une)",Drama,735328
65ef0dabfa99e591f2a288fe,Horror of the Zombies,Horror,390126
65ef0dabfa99e591f2a288ff,Arn: The Knight Templar (Arn - Tempelriddaren),Action|Adventure|Drama|Romance|War,143963
65ef0dabfa99e591f2a28900,Senna,Documentary,339825
65ef0dabfa99e591f2a28901,True Blue ,Crime|Drama|Thriller,315903
65ef0dabfa99e591f2a28902,"Sandlot, The",Children|Comedy|Drama,339468
65ef0dabfa99e591f2a28903,Between Strangers,Drama,305910
65ef0dabfa99e591f2a28904,Ladies in Lavender,Comedy|Drama|Romance,310307
65ef0dabfa99e591f2a28905,Entre ses mains,Drama|Romance|Thriller,643830
65ef0dabfa99e591f2a28906,Riley Rewind,Drama|Sci-Fi,541631
65ef0dabfa99e591f2a28907,Yu-Gi-Oh!,Animation,857689
65ef0dabfa99e591f2a28908,Captive Heart: The James Mink Story,Drama,568528
65ef0dabfa99e591f2a28909,Man of Her Dreams (a.k.a. The Fiancé),Drama,650128
65ef0dabfa99e591f2a2890a,Melvin and Howard,Drama,103123
65ef0dabfa99e591f2a2890b,Barefoot in the Park,Comedy,786114
65ef0dabfa99e591f2a2890c,Going Straight,Crime|Drama,784261
65ef0dabfa99e591f2a2890d,Vampires,Comedy|Fantasy|Horror,690589
65ef0dabfa99e591f2a2890e,"Masquerade (Gwanghai, Wangyidoen namja)",Drama,856830
65ef0dabfa99e591f2a2890f,Jim Norton: Please Be Offended,Comedy,157259
65ef0dabfa99e591f2a28910,Human Planet,Documentary,510103
65ef0dabfa99e591f2a28911,Mulan,Action|Adventure|Drama|Romance,565686
65ef0dabfa99e591f2a28912,Danger: Diabolik (Diabolik),Action|Crime|Thriller,223291
65ef0dabfa99e591f2a28913,Bakhita,Drama,263594
65ef0dabfa99e591f2a28914,Gentlemen,Drama|Romance|Thriller,550584
65ef0dabfa99e591f2a28915,Switchblade Sisters,Crime,449941
65ef0dabfa99e591f2a28916,Disaster Movie,Comedy,761326
65ef0dabfa99e591f2a28917,Witless Protection,Comedy,795396
65ef0dabfa99e591f2a28918,Crawlspace,Horror|Mystery|Sci-Fi|Thriller,675167
65ef0dabfa99e591f2a28919,Popular Music (Populärmusik från Vittula),Comedy|Drama,323223
65ef0dabfa99e591f2a2891a,Angelus,Comedy|Drama,642534
65ef0dabfa99e591f2a2891b,Scissere,Drama,161473
65ef0dabfa99e591f2a2891c,I Love You Too (Ik ook Van Jou),Drama|Romance,709161
65ef0dabfa99e591f2a2891d,Mighty Aphrodite,Comedy|Drama|Romance,679812
65ef0dabfa99e591f2a2891e,Escape from Dartmoor,Crime|Drama,581273
65ef0dabfa99e591f2a2891f,300: Rise of an Empire,Action|Drama|War|IMAX,672042
65ef0dabfa99e591f2a28920,Passion Fish,Drama,645256
65ef0dabfa99e591f2a28921,"Loss of Sexual Innocence, The",Drama|Fantasy,611475
65ef0dabfa99e591f2a28922,Paranoid Park,Crime|Drama,997455
65ef0dabfa99e591f2a28923,Balseros (Cuban Rafters),Documentary,691850
65ef0dabfa99e591f2a28924,Ernest Saves Christmas,Children|Comedy,986159
65ef0dabfa99e591f2a28925,Amer,Drama|Horror,752163
65ef0dabfa99e591f2a28926,"Swimmer, The",Drama,398035
65ef0dabfa99e591f2a28927,Bert - Den siste oskulden,(no genres listed),631328
65ef0dabfa99e591f2a28928,Throw Down (Yau doh lung fu bong),Drama,698517
65ef0dabfa99e591f2a28929,Walk of Shame,Comedy,638804
65ef0dabfa99e591f2a2892a,"Benny Goodman Story, The",Drama|Musical,194831
65ef0dabfa99e591f2a2892b,Shaft,Action|Crime|Thriller,622153
65ef0dabfa99e591f2a2892c,Main Prem Ki Diwani Hoon,Comedy|Drama|Romance,509139
65ef0dabfa99e591f2a2892d,Delta,Drama,582643
65ef0dabfa99e591f2a2892e,Buddy,Comedy|Drama,495324
65ef0dabfa99e591f2a2892f,My Life as McDull (Mak dau goo si),Animation|Comedy|Drama,113755
65ef0dabfa99e591f2a28930,"Tunnel, The (Tunnel, Der)",Action|Drama|Thriller,410928
65ef0dabfa99e591f2a28931,Darkest Night,Drama|Horror,198874
65ef0dabfa99e591f2a28932,"Other Sister, The",Comedy|Drama|Romance,773590
65ef0dabfa99e591f2a28933,Unholy,Horror|Thriller,366237
65ef0dabfa99e591f2a28934,Electric Dragon 80.000 V,Drama|Fantasy|Sci-Fi,925631
65ef0dabfa99e591f2a28935,"Ronde, La",Drama,571220
65ef0dabfa99e591f2a28936,Asfalttilampaat,Drama,851974
65ef0dabfa99e591f2a28937,Genocide,Documentary,693224
65ef0dabfa99e591f2a28938,Dark of the Sun,Action|Adventure|Drama|War,531953
65ef0dabfa99e591f2a28939,A Story of Children and Film,Documentary,989448
65ef0dabfa99e591f2a2893a,"King and the Mockingbird, The (Le roi et l'oiseau)",Animation|Children|Fantasy,691064
65ef0dabfa99e591f2a2893b,War Horse,Drama|War,915505
65ef0dabfa99e591f2a2893c,Julie Johnson,Drama,878005
65ef0dabfa99e591f2a2893d,Charlie Chan in Reno,Comedy|Crime|Drama|Mystery|Thriller,969157
65ef0dabfa99e591f2a2893e,Final Destination 2,Horror|Thriller,521464
65ef0dabfa99e591f2a2893f,"Longshots, The",Drama,542745
65ef0dabfa99e591f2a28940,Looking for Comedy in the Muslim World,Comedy,653203
65ef0dabfa99e591f2a28941,Meet the Parents,Comedy,425399
65ef0dabfa99e591f2a28942,Sansa,Drama,417021
65ef0dabfa99e591f2a28943,The Chumscrubber,Comedy|Drama,276271
65ef0dabfa99e591f2a28944,11 Harrowhouse,Comedy|Crime,370744
65ef0dabfa99e591f2a28945,"Animal, The",Comedy,823920
65ef0dabfa99e591f2a28946,"Music Lovers, The",Drama,744833
65ef0dabfa99e591f2a28947,Beyond Re-Animator,Horror,988091
65ef0dabfa99e591f2a28948,Spare Parts,Children|Drama,325221
65ef0dabfa99e591f2a28949,Beyond Borders,Drama|Romance|War,244688
65ef0dabfa99e591f2a2894a,Boys Don't Cry (Chlopaki nie placza),Comedy,152593
65ef0dabfa99e591f2a2894b,Space Amoeba (Yog: Monster from Space),Action|Sci-Fi,162143
65ef0dabfa99e591f2a2894c,Vic+Flo Saw a Bear,Crime|Drama|Thriller,406189
65ef0dabfa99e591f2a2894d,Yamakasi - Les samouraïs des temps modernes,Action|Crime|Drama,879125
65ef0dabfa99e591f2a2894e,"Simple Life of Noah Dearborn, The",Drama,560262
65ef0dabfa99e591f2a2894f,Borrowed Hearts (Borrowed Hearts: A Holiday Romance),Drama|Fantasy|Romance,601913
65ef0dabfa99e591f2a28950,Crossroads,Crime|Drama|Film-Noir,263510
65ef0dabfa99e591f2a28951,Whistle Down the Wind,Drama,161330
65ef0dabfa99e591f2a28952,"Cat Concerto, The",Animation|Children|Comedy,276174
65ef0dabfa99e591f2a28953,Paradise Lost 2: Revelations,Documentary,632521
65ef0dabfa99e591f2a28954,Miracles,Comedy,271268
65ef0dabfa99e591f2a28955,"Great Lie, The",Drama,291110
65ef0dabfa99e591f2a28956,"Canyons, The",Drama|Thriller,679314
65ef0dabfa99e591f2a28957,Peaceful Warrior,Drama,198221
65ef0dabfa99e591f2a28958,"Marcello Mastroianni: I Remember Yes, I Remember (Marcello Mastroianni: mi ricordo, sì, io mi ricordo)",Documentary,908125
65ef0dabfa99e591f2a28959,Gardenia,Crime,557899
65ef0dabfa99e591f2a2895a,Mile... Mile & a Half,Documentary,493039
65ef0dabfa99e591f2a2895b,Cop and ½,Comedy,332981
65ef0dabfa99e591f2a2895c,"Captive, The (La captive)",Drama|Romance,424327
65ef0dabfa99e591f2a2895d,"Incredible Shrinking Man, The",Sci-Fi|Thriller,888108
65ef0dabfa99e591f2a2895e,The Police Serve the Citizens?,Action|Crime,721007
65ef0dabfa99e591f2a2895f,Divided We Fall (Musíme si pomáhat),Comedy|Drama,742973
65ef0dabfa99e591f2a28960,"Newest Pledge, The",Comedy,629900
65ef0dabfa99e591f2a28961,Tender Is the Night,Drama,343886
65ef0dabfa99e591f2a28962,Kramer vs. Kramer,Drama,960112
65ef0dabfa99e591f2a28963,"Emperor Jones, The",Drama,931922
65ef0dabfa99e591f2a28964,Heir to an Execution,Documentary,682986
65ef0dabfa99e591f2a28965,Swiss Family Robinson,Adventure|Children,242103
65ef0dabfa99e591f2a28966,"Class, The (Entre les murs)",Drama,790182
65ef0dabfa99e591f2a28967,Lucia,Drama|Romance|Sci-Fi|Thriller,524523
65ef0dabfa99e591f2a28968,Star of Midnight,Comedy|Mystery|Romance,818282
65ef0dabfa99e591f2a28969,Never Talk to Strangers,Crime|Drama|Romance|Thriller,454597
65ef0dabfa99e591f2a2896a,Mars Attacks!,Action|Comedy|Sci-Fi,975592
65ef0dabfa99e591f2a2896b,Lucky Lady,Comedy|Drama,282136
65ef0dabfa99e591f2a2896c,The Improv: 50 Years Behind the Brick Wall,Comedy|Documentary,868200
65ef0dabfa99e591f2a2896d,Felix the Cat: The Movie,Adventure|Animation|Children|Fantasy|Musical|Sci-Fi,464723
65ef0dabfa99e591f2a2896e,"Welcome Home, Roscoe Jenkins",Comedy,205464
65ef0dabfa99e591f2a2896f,"Profession of Arms, The (Il mestiere delle armi)",Adventure|Drama|War,917260
65ef0dabfa99e591f2a28970,Sword of the Valiant,Action|Adventure|Fantasy|Romance,459932
65ef0dabfa99e591f2a28971,"Now You See Him, Now You Don't",Comedy|Sci-Fi,174775
65ef0dabfa99e591f2a28972,From One Second to the Next,Documentary,321206
65ef0dabfa99e591f2a28973,Killers from Space,Sci-Fi,667030
65ef0dabfa99e591f2a28974,Werner - Gekotzt wird später,Animation|Comedy,981244
65ef0dabfa99e591f2a28975,"Magician, The (Ansiktet)",Drama,254521
65ef0dabfa99e591f2a28976,"Hippie Revolution, The",Documentary,824152
65ef0dabfa99e591f2a28977,"My Son, My Son, What Have Ye Done",Drama|Horror,806507
65ef0dabfa99e591f2a28978,Asoka (Ashoka the Great),Action|Drama|Romance,771292
65ef0dabfa99e591f2a28979,Street Scenes ,Documentary,478941
65ef0dabfa99e591f2a2897a,Alex Cross,Action|Crime|Mystery|Thriller,810613
65ef0dabfa99e591f2a2897b,Boy,Drama|Romance,307952
65ef0dabfa99e591f2a2897c,Oh My God,Documentary,682838
65ef0dabfa99e591f2a2897d,V2: Dead Angel (Vares 2 - Jäätynyt Enkeli),Action|Comedy|Crime,841865
65ef0dabfa99e591f2a2897e,"Desperados, The",Western,235953
65ef0dabfa99e591f2a2897f,Antz,Adventure|Animation|Children|Comedy|Fantasy,535862
65ef0dabfa99e591f2a28980,Tales from the Gimli Hospital,Fantasy|Horror,139777
65ef0dabfa99e591f2a28981,One Night Stand,Drama,840364
65ef0dabfa99e591f2a28982,My Foolish Heart,Drama,684313
65ef0dabfa99e591f2a28983,1981,Comedy|Drama|Romance,540267
65ef0dabfa99e591f2a28984,Moon 44,Action|Film-Noir|Sci-Fi|Thriller,909447
65ef0dabfa99e591f2a28985,Blue Crush,Adventure|Drama|Romance,911898
65ef0dabfa99e591f2a28986,What Time Is It There? (Ni neibian jidian),Drama,275231
65ef0dabfa99e591f2a28987,In Search of the Castaways,Adventure|Children,936540
65ef0dabfa99e591f2a28988,Mozart and the Whale,Comedy|Drama|Romance,337403
65ef0dabfa99e591f2a28989,Hesher,Drama,646268
65ef0dabfa99e591f2a2898a,What Price Glory,Comedy|Drama|War,892335
65ef0dabfa99e591f2a2898b,His New Profession,Comedy,985319
65ef0dabfa99e591f2a2898c,Two Sons of Francisco (2 Filhos de Francisco - A História de Zezé di Camargo & Luciano),Drama,272083
65ef0dabfa99e591f2a2898d,Method to the Madness of Jerry Lewis,Documentary,518569
65ef0dabfa99e591f2a2898e,Chinaman (Kinamand),Drama,680118
65ef0dabfa99e591f2a2898f,D.O.A.,Documentary,591091
65ef0dabfa99e591f2a28990,Class of Nuke 'Em High,Comedy|Horror,114587
65ef0dabfa99e591f2a28991,Epic Movie,Adventure|Comedy,715949
65ef0dabfa99e591f2a28992,Bambi 2,Animation|Children|Drama,363352
65ef0dabfa99e591f2a28993,Phantasm II,Action|Fantasy|Horror|Sci-Fi|Thriller,777688
65ef0dabfa99e591f2a28994,"Woman in Red, The",Comedy|Romance,402847
65ef0dabfa99e591f2a28995,Killer (Bulletproof Heart),Drama|Thriller,474657
65ef0dabfa99e591f2a28996,"Secret of My Succe$s, The (a.k.a. The Secret of My Success)",Comedy|Romance,182187
65ef0dabfa99e591f2a28997,11-11-11 (11-11-11: The Prophecy),Horror|Thriller,982575
65ef0dabfa99e591f2a28998,Malta G.C.,Documentary|War,458378
65ef0dabfa99e591f2a28999,Container,Drama|Horror,360819
65ef0dabfa99e591f2a2899a,Batch '81,Drama,740046
65ef0dabfa99e591f2a2899b,"Rocketeer, The",Action|Adventure|Sci-Fi,786574
65ef0dabfa99e591f2a2899c,"Promised Life, The (Vie promise, La)",Drama,308117
65ef0dabfa99e591f2a2899d,Howl's Moving Castle (Hauru no ugoku shiro),Adventure|Animation|Fantasy|Romance,690075
65ef0dabfa99e591f2a2899e,How High,Comedy,830456
65ef0dabfa99e591f2a2899f,Control,Crime|Sci-Fi|Thriller,210807
65ef0dabfa99e591f2a289a0,Go for It,Action|Adventure|Comedy,786234
65ef0dabfa99e591f2a289a1,Another Gay Movie,Comedy,479764
65ef0dabfa99e591f2a289a2,Phantoms,Drama|Horror|Thriller,215446
65ef0dabfa99e591f2a289a3,"Shape of Things, The",Drama,462142
65ef0dabfa99e591f2a289a4,Koran by Heart,Documentary,220329
65ef0dabfa99e591f2a289a5,In Their Sleep (Dans ton sommeil),Horror|Thriller,893023
65ef0dabfa99e591f2a289a6,Elephant,Drama,244875
65ef0dabfa99e591f2a289a7,"Beaches of Agnes, The (Plages d'Agnès, Les)",Documentary,741147
65ef0dabfa99e591f2a289a8,"Late Quartet, A",Drama,834077
65ef0dabfa99e591f2a289a9,Gaudi Afternoon,Comedy|Drama|Mystery,557208
65ef0dabfa99e591f2a289aa,Loputon Gehennan liekki,Documentary,398424
65ef0dabfa99e591f2a289ab,Mamitas,Drama,141288
65ef0dabfa99e591f2a289ac,Sleepover,Comedy,239963
65ef0dabfa99e591f2a289ad,Diplomatic Siege,Action|Thriller,732155
65ef0dabfa99e591f2a289ae,"Hustler, The",Drama,276830
65ef0dabfa99e591f2a289af,"Marine, The",Action|Drama|Thriller,561123
65ef0dabfa99e591f2a289b0,Tiny Furniture,Comedy,772832
65ef0dabfa99e591f2a289b1,Uncle Boonmee Who Can Recall His Past Lives (Loong Boonmee raleuk chat),Drama|Fantasy,700377
65ef0dabfa99e591f2a289b2,"I Was Born, But... (a.k.a. Children of Tokyo) (Otona no miru ehon - Umarete wa mita keredo)",Comedy|Drama,496037
65ef0dabfa99e591f2a289b3,King's Ransom,Comedy|Crime,924355
65ef0dabfa99e591f2a289b4,"Kingdom II, The (Riget II)",Drama|Horror|Mystery,599122
65ef0dabfa99e591f2a289b5,Two Cents Worth of Hope (Due soldi di speranza),Comedy|Romance,699559
65ef0dabfa99e591f2a289b6,Once Upon a Time in Mexico,Action|Adventure|Crime|Thriller,866244
65ef0dabfa99e591f2a289b7,Runaway,Action|Animation|Comedy,149544
65ef0dabfa99e591f2a289b8,"Unvanquished, The (Aparajito)",Drama,734970
65ef0dabfa99e591f2a289b9,Caprice,Comedy|Crime|Thriller,973079
65ef0dabfa99e591f2a289ba,Shane,Drama|Western,855710
65ef0dabfa99e591f2a289bb,Charlie Chan in Egypt,Mystery,939751
65ef0dabfa99e591f2a289bc,Mystic River,Crime|Drama|Mystery,160349
65ef0dabfa99e591f2a289bd,Alexandra's Project,Drama|Thriller,658723
65ef0dabfa99e591f2a289be,"Glimmer Man, The",Action|Thriller,430327
65ef0dabfa99e591f2a289bf,Bhaag Milka Bhaag,Drama,218973
65ef0dabfa99e591f2a289c0,How I Killed My Father (a.k.a. My Father and I) (Comment j'ai tué mon Père),Drama,624452
65ef0dabfa99e591f2a289c1,"Avengers, The",Action|Adventure,438796
65ef0dabfa99e591f2a289c2,"Toll of the Sea, The",Drama|Romance,677558
65ef0dabfa99e591f2a289c3,Underclassman,Action|Comedy|Thriller,442997
65ef0dabfa99e591f2a289c4,Hail Caesar,Comedy,412813
65ef0dabfa99e591f2a289c5,Gods of the Plague (Götter der Pest),Crime|Drama,272317
65ef0dabfa99e591f2a289c6,Mike Bassett: England Manager,Comedy,445072
65ef0dabfa99e591f2a289c7,"Idiots, The (Idioterne)",Comedy|Drama,601748
65ef0dabfa99e591f2a289c8,Faces,Drama,633457
65ef0dabfa99e591f2a289c9,Alphabet City,Crime|Drama|Thriller,496037
65ef0dabfa99e591f2a289ca,Barefoot in the Park,Comedy,426956
65ef0dabfa99e591f2a289cb,"Third Man, The",Film-Noir|Mystery|Thriller,840575
65ef0dabfa99e591f2a289cc,Russendisko,Comedy,409382
65ef0dabfa99e591f2a289cd,When the Levees Broke: A Requiem in Four Acts,Documentary,294679
65ef0dabfa99e591f2a289ce,The Boy Who Cried Werewolf,Children|Horror,527706
65ef0dabfa99e591f2a289cf,Committed,Comedy|Drama,507269
65ef0dabfa99e591f2a289d0,What the Day Owes the Night,Drama|Romance,793437
65ef0dabfa99e591f2a289d1,Perfect Sisters,Drama|Mystery,712374
65ef0dabfa99e591f2a289d2,Orlando,Drama|Fantasy|Romance,833717
65ef0dabfa99e591f2a289d3,Mad Love (Juana la Loca),Drama,471623
65ef0dabfa99e591f2a289d4,Superman Returns,Action|Adventure|Sci-Fi|IMAX,164076
65ef0dabfa99e591f2a289d5,Tapeheads,Comedy,533592
65ef0dabfa99e591f2a289d6,"Unexpected Love, An",Drama,369686
65ef0dabfa99e591f2a289d7,"Nun, The (La monja) ",Horror|Thriller,949647
65ef0dabfa99e591f2a289d8,"Thin Man Goes Home, The",Comedy|Crime|Mystery,138666
65ef0dabfa99e591f2a289d9,"Door in the Floor, The",Drama,155083
65ef0dabfa99e591f2a289da,How 2 Build a Rapper,Comedy,863315
65ef0dabfa99e591f2a289db,Visions of Light: The Art of Cinematography,Documentary,532082
65ef0dabfa99e591f2a289dc,Kevin Smith: Sold Out - A Threevening with Kevin Smith,Comedy|Documentary,484967
65ef0dabfa99e591f2a289dd,Miss Austen Regrets,Drama,127463
65ef0dabfa99e591f2a289de,"Trip to Italy, The",Comedy|Drama,642269
65ef0dabfa99e591f2a289df,Manon of the Spring,Drama,267729
65ef0dabfa99e591f2a289e0,"Conclave, The",Drama,928673
65ef0dabfa99e591f2a289e1,"Buffalo Bill and the Indians, or Sitting Bull's History Lesson (a.k.a. Buffalo Bill and the Indians)",Comedy|Western,811711
65ef0dabfa99e591f2a289e2,Why Does Herr R. Run Amok? (Warum läuft Herr R. Amok?),Drama,843485
65ef0dabfa99e591f2a289e3,Bitter Rice (Riso amaro),Drama,198071
65ef0dabfa99e591f2a289e4,Transcendence,Drama|Sci-Fi|IMAX,192449
65ef0dabfa99e591f2a289e5,Evidence,Documentary,776196
65ef0dabfa99e591f2a289e6,Al Capone,Crime|Drama,902634
65ef0dabfa99e591f2a289e7,Klute,Drama|Mystery,504968
65ef0dabfa99e591f2a289e8,Citizen Toxie: The Toxic Avenger IV,Action|Comedy|Horror,851721
65ef0dabfa99e591f2a289e9,Family Weekend,Comedy|Drama,521899
65ef0dabfa99e591f2a289ea,Rampart,Action|Crime|Drama|Thriller,854476
65ef0dabfa99e591f2a289eb,It's Good to Be Alive,Drama,905202
65ef0dabfa99e591f2a289ec,"Children of Huang Shi, The",Drama|War,972364
65ef0dabfa99e591f2a289ed,ZMD: Zombies of Mass Destruction,Comedy|Horror,505374
65ef0dabfa99e591f2a289ee,Patrice O'Neal: Elephant in the Room,Comedy,823413
65ef0dabfa99e591f2a289ef,Nobody's Fool,Comedy|Drama|Romance,925126
65ef0dabfa99e591f2a289f0,"Journey of Natty Gann, The",Adventure|Children,838677
65ef0dabfa99e591f2a289f1,Maryam,Drama,734446
65ef0dabfa99e591f2a289f2,"Vodka, Mr. Palmu (Vodkaa, komisario Palmu)",Crime|Mystery,635687
65ef0dabfa99e591f2a289f3,"Land That Time Forgot, The",Adventure|Sci-Fi,164958
65ef0dabfa99e591f2a289f4,Pajama Party,Comedy,724537
65ef0dabfa99e591f2a289f5,"Front, The",Comedy|Drama,630922
65ef0dabfa99e591f2a289f6,Mendy: A Question of Faith,Drama,570102
65ef0dabfa99e591f2a289f7,Champagne for Caesar,Comedy,594582
65ef0dabfa99e591f2a289f8,Ju-on: The Grudge 2,Horror,541012
65ef0dabfa99e591f2a289f9,House of Flying Daggers (Shi mian mai fu),Action|Drama|Romance,187719
65ef0dabfa99e591f2a289fa,"Eternal Return, The (L'éternel retour)",Drama|Romance,751439
65ef0dabfa99e591f2a289fb,Uncle Boonmee Who Can Recall His Past Lives (Loong Boonmee raleuk chat),Drama|Fantasy,491449
65ef0dabfa99e591f2a289fc,Incident at Oglala,Documentary,702162
65ef0dabfa99e591f2a289fd,Breakfast on Pluto,Comedy|Drama,214681
65ef0dabfa99e591f2a289fe,"Stranger, The",Action,515382
65ef0dabfa99e591f2a289ff,Man's Favorite Sport?,Comedy,754632
65ef0dabfa99e591f2a28a00,Heart of America,Drama,737845
65ef0dabfa99e591f2a28a01,Stranger on the Third Floor,Drama|Film-Noir,725877
65ef0dabfa99e591f2a28a02,"Funny Thing Happened on the Way to the Forum, A",Comedy|Musical,326759
65ef0dabfa99e591f2a28a03,Unmade Beds,Comedy|Drama,973157
65ef0dabfa99e591f2a28a04,Forbidden Games (Jeux interdits),Drama|War,725874
65ef0dabfa99e591f2a28a05,Give My Regards to Broad Street,Drama|Musical,508697
65ef0dabfa99e591f2a28a06,K2,Adventure|Drama,296076
65ef0dabfa99e591f2a28a07,"Vampir (Cuadecuc, vampir)",Documentary|Horror,683030
65ef0dabfa99e591f2a28a08,Radio Flyer,Drama,433834
65ef0dabfa99e591f2a28a09,Zulu,Action|Drama|War,861810
65ef0dabfa99e591f2a28a0a,Yellow,Comedy|Drama,942092
65ef0dabfa99e591f2a28a0b,Something in the Air (Apres Mai),Action|Drama,675170
65ef0dabfa99e591f2a28a0c,A Magnificent Haunting,Drama,820257
65ef0dabfa99e591f2a28a0d,"Last Days, The",Documentary,616215
65ef0dabfa99e591f2a28a0e,Wild Boys of the Road,Adventure|Drama|Romance,407742
65ef0dabfa99e591f2a28a0f,Mr. Nobody,Drama|Fantasy|Romance|Sci-Fi,796427
65ef0dabfa99e591f2a28a10,Silent Running,Drama|Sci-Fi,928986
65ef0dabfa99e591f2a28a11,Quand je serai petit,Drama,804239
65ef0dabfa99e591f2a28a12,Identity,Crime|Horror|Mystery|Thriller,275114
65ef0dabfa99e591f2a28a13,"Godfather: Part III, The",Crime|Drama|Mystery|Thriller,205625
65ef0dabfa99e591f2a28a14,Executive Action,Crime|Drama,256710
65ef0dabfa99e591f2a28a15,Man on Wire,Documentary,826608
65ef0dabfa99e591f2a28a16,The Rabbi's Cat (Le chat du rabbin),Adventure|Animation,904407
65ef0dabfa99e591f2a28a17,"Blue Angel, The",Drama|Musical,965202
65ef0dabfa99e591f2a28a18,Errors of the Human Body ,Drama|Sci-Fi|Thriller,636762
65ef0dabfa99e591f2a28a19,Uranus,Comedy|Drama,300410
65ef0dabfa99e591f2a28a1a,Flight of the Navigator,Adventure|Children|Sci-Fi,937732
65ef0dabfa99e591f2a28a1b,Skeleton Crew,Horror,260711
65ef0dabfa99e591f2a28a1c,Bicentennial Man,Drama|Romance|Sci-Fi,175482
65ef0dabfa99e591f2a28a1d,Red Sonja,Action|Adventure|Fantasy,403128
65ef0dabfa99e591f2a28a1e,"Aquí llega Condemor, el pecador de la pradera",Comedy|Western,639374
65ef0dabfa99e591f2a28a1f,"Atlantis, the Lost Continent",Adventure|Sci-Fi,472511
65ef0dabfa99e591f2a28a20,Richie Rich,Children|Comedy,340210
65ef0dabfa99e591f2a28a21,"Susana (Devil and the Flesh, The)",Drama|Romance,894110
65ef0dabfa99e591f2a28a22,A Spell to Ward Off the Darkness,Documentary,676388
65ef0dabfa99e591f2a28a23,Nowhere to Run,Action|Romance,816839
65ef0dabfa99e591f2a28a24,Stone Reader,Documentary,297906
65ef0dabfa99e591f2a28a25,"Red Tent, The (Krasnaya palatka)",Adventure|Drama|Fantasy,365831
65ef0dabfa99e591f2a28a26,"Best Years of Our Lives, The",Drama|War,895329
65ef0dabfa99e591f2a28a27,"Internecine Project, The",Action|Thriller,471603
65ef0dabfa99e591f2a28a28,"Winning of Barbara Worth, The",Drama|Romance|Western,563615
65ef0dabfa99e591f2a28a29,Manborg,Action|Adventure|Comedy,980612
65ef0dabfa99e591f2a28a2a,What's the Worst That Could Happen?,Comedy,342393
65ef0dabfa99e591f2a28a2b,Godzilla Raids Again (Gojira no gyakushû),Action|Drama|Horror|Romance|Sci-Fi,776996
65ef0dabfa99e591f2a28a2c,Winter of Frozen Dreams,Crime|Drama,807462
65ef0dabfa99e591f2a28a2d,To Hell and Back,Action|Drama|War,622086
65ef0dabfa99e591f2a28a2e,Pohjanmaa,Drama,629910
65ef0dabfa99e591f2a28a2f,Confessions of a Shopaholic,Comedy|Romance,583446
65ef0dabfa99e591f2a28a30,Orlando,Drama|Fantasy|Romance,409134
65ef0dabfa99e591f2a28a31,When I Walk,Documentary,844337
65ef0dabfa99e591f2a28a32,Breaking and Entering,Drama,936645
65ef0dabfa99e591f2a28a33,Islands in the Stream,Drama,716578
65ef0dabfa99e591f2a28a34,"Dark Crystal, The",Adventure|Fantasy,867024
65ef0dabfa99e591f2a28a35,Jesus Christ Superstar,Drama|Musical,840101
65ef0dabfa99e591f2a28a36,Monster House,Animation|Children|Fantasy|Mystery,107333
65ef0dabfa99e591f2a28a37,Chapiteau-show (Shapito-shou),Adventure|Comedy,230338
65ef0dabfa99e591f2a28a38,Sudden Fear,Film-Noir|Horror|Thriller,237688
65ef0dabfa99e591f2a28a39,Panic in Year Zero!,Horror|Sci-Fi|Thriller,726510
65ef0dabfa99e591f2a28a3a,Familiar Ground,Comedy,670514
65ef0dabfa99e591f2a28a3b,Milk and Honey,Drama,974751
65ef0dabfa99e591f2a28a3c,Pilgrimage,Drama,678910
65ef0dabfa99e591f2a28a3d,Edge of Madness,Drama,596118
65ef0dabfa99e591f2a28a3e,Kopps,Action|Comedy,966244
65ef0dabfa99e591f2a28a3f,Big Sur,Drama,796409
65ef0dabfa99e591f2a28a40,"Dark Lurking, The",Action|Horror|Sci-Fi,400060
65ef0dabfa99e591f2a28a41,"Crimson Rivers, The (Rivières pourpres, Les)",Crime|Drama|Mystery|Thriller,765775
65ef0dabfa99e591f2a28a42,Miss Pettigrew Lives for a Day,Comedy|Romance,266700
65ef0dabfa99e591f2a28a43,Dante 01,Sci-Fi|Thriller,948468
65ef0dabfa99e591f2a28a44,"Excuse Me Darling, But Lucas Loved Me",Comedy,783458
65ef0dabfa99e591f2a28a45,Dark Mirror,Thriller,993470
65ef0dabfa99e591f2a28a46,Halloweentown High,Adventure|Children|Comedy|Fantasy,578224
65ef0dabfa99e591f2a28a47,Broken English,Drama,888753
65ef0dabfa99e591f2a28a48,"Tulse Luper Suitcases, Part 1: The Moab Story, The",Adventure|Drama|Fantasy|Film-Noir,833033
65ef0dabfa99e591f2a28a49,Abbott and Costello Meet Frankenstein,Comedy|Horror,768661
65ef0dabfa99e591f2a28a4a,Panda! Go Panda! Rainy Day Circus,Animation|Children,286523
65ef0dabfa99e591f2a28a4b,Women on the Verge of a Nervous Breakdown (Mujeres al borde de un ataque de nervios),Comedy|Drama,676831
65ef0dabfa99e591f2a28a4c,Ondine,Drama|Fantasy|Romance,978185
65ef0dabfa99e591f2a28a4d,Whirlygirl,Drama|Romance,135715
65ef0dabfa99e591f2a28a4e,Mr. Jealousy,Comedy|Romance,485715
65ef0dabfa99e591f2a28a4f,Coriolanus,Drama|Thriller,944684
65ef0dabfa99e591f2a28a50,Magnolia,Drama,119441
65ef0dabfa99e591f2a28a51,Yes,Drama,749395
65ef0dabfa99e591f2a28a52,With Byrd at the South Pole,Documentary,604870
65ef0dabfa99e591f2a28a53,Adelheid,Drama,424363
65ef0dabfa99e591f2a28a54,Divorce American Style,Comedy,547946
65ef0dabfa99e591f2a28a55,War and Peace (Voyna i mir),Drama|Romance|War,247309
65ef0dabfa99e591f2a28a56,The Chatterley Affair,Drama|Romance,905596
65ef0dabfa99e591f2a28a57,Jay-Z: Made in America,Documentary,754554
65ef0dabfa99e591f2a28a58,"Redes (Fishermen's Nets) (Wave, The)",Drama,606196
65ef0dabfa99e591f2a28a59,"Toy, The",Comedy,104286
65ef0dabfa99e591f2a28a5a,Peter & the Wolf,Animation|Musical,117017
65ef0dabfa99e591f2a28a5b,Petulia,Drama,633602
65ef0dabfa99e591f2a28a5c,"Hundred and One Nights, A (Cent et une nuits de Simon Cinéma, Les)",Comedy,470864
65ef0dabfa99e591f2a28a5d,Ego,Drama,184898
65ef0dabfa99e591f2a28a5e,Bombay Beach,Documentary|Drama|Musical,958545
65ef0dabfa99e591f2a28a5f,"Affairs of Anatol, The",Comedy|Drama,866812
65ef0dabfa99e591f2a28a60,Skin Deep,Comedy,854544
65ef0dabfa99e591f2a28a61,Julien Donkey-Boy,Drama,897405
65ef0dabfa99e591f2a28a62,Come Have Coffee with Us,Comedy,549396
65ef0dabfa99e591f2a28a63,Lone Star,Drama|Mystery|Western,992809
65ef0dabfa99e591f2a28a64,Chopping Mall (a.k.a. Killbots),Action|Horror|Sci-Fi,436818
65ef0dabfa99e591f2a28a65,"Girl in the Red Velvet Swing, The",Crime|Drama|Romance,324188
65ef0dabfa99e591f2a28a66,Here Comes Peter Cottontail ,Animation|Children|Musical,451217
65ef0dabfa99e591f2a28a67,Swing Time,Comedy|Musical|Romance,530368
65ef0dabfa99e591f2a28a68,Brick Lane,Drama,256039
65ef0dabfa99e591f2a28a69,My Wife Is a Gangster (Jopog manura),Action|Comedy|Romance,628116
65ef0dabfa99e591f2a28a6a,Modris,Drama,337021
65ef0dabfa99e591f2a28a6b,"Deathmaker, The (Totmacher, Der)",Crime|Drama,828599
65ef0dabfa99e591f2a28a6c,"Caretakers, The",Drama,173110
65ef0dabfa99e591f2a28a6d,"Way You Wanted Me, The (Sellaisena kuin sinä minut halusit)",Drama|Romance,707216
65ef0dabfa99e591f2a28a6e,Theodora Goes Wild,Comedy|Romance,561507
65ef0dabfa99e591f2a28a6f,Cabiria,Adventure|Drama|War,925323
65ef0dabfa99e591f2a28a70,Baggage Claim,Comedy,214339
65ef0dabfa99e591f2a28a71,Coco Before Chanel (Coco avant Chanel),Drama,331419
65ef0dabfa99e591f2a28a72,Tales from the Crypt,Horror,278101
65ef0dabfa99e591f2a28a73,Scanners,Horror|Sci-Fi|Thriller,162510
65ef0dabfa99e591f2a28a74,For Love of Ivy,Comedy|Drama|Romance,485757
65ef0dabfa99e591f2a28a75,"Beast Must Die, The",Horror|Mystery,895839
65ef0dabfa99e591f2a28a76,Windy Day (Tuulinen päivä),Drama,453018
65ef0dabfa99e591f2a28a77,Wonderland,Comedy|Documentary,633336
65ef0dabfa99e591f2a28a78,Costa Brava,Drama,682788
65ef0dabfa99e591f2a28a79,Tin Pan Alley,Drama|Musical|Romance,318002
65ef0dabfa99e591f2a28a7a,"Calcium Kid, The",Comedy,170212
65ef0dabfa99e591f2a28a7b,"Pest, The",Comedy,776563
65ef0dabfa99e591f2a28a7c,"Prince of Tides, The",Drama|Romance,811565
65ef0dabfa99e591f2a28a7d,The Very Thought of You,Drama|Romance,421134
65ef0dabfa99e591f2a28a7e,Blackout (Murder by Proxy),Crime|Drama|Thriller,467498
65ef0dabfa99e591f2a28a7f,Real Men,Comedy|Sci-Fi,290835
65ef0dabfa99e591f2a28a80,I Know What You Did Last Summer,Horror|Mystery|Thriller,783284
65ef0dabfa99e591f2a28a81,Hercules and the Circle of Fire,Action|Adventure|Fantasy,208208
65ef0dabfa99e591f2a28a82,"Cinderella Story, A",Comedy|Romance,251811
65ef0dabfa99e591f2a28a83,"Grand Seduction, The",Comedy,401706
65ef0dabfa99e591f2a28a84,Mad Detective (Sun taam),Action|Crime|Thriller,959615
65ef0dabfa99e591f2a28a85,Crime of Passion,Crime|Drama|Film-Noir,540311
65ef0dabfa99e591f2a28a86,My Perestroika,Documentary,909272
65ef0dabfa99e591f2a28a87,Black Rain,Action|Crime|Drama,837137
65ef0dabfa99e591f2a28a88,Blackwoods,Drama|Thriller,570641
65ef0dabfa99e591f2a28a89,"Wild Thornberrys Movie, The",Animation|Children|Comedy,276517
65ef0dabfa99e591f2a28a8a,As Long as You've Got Your Health (Tant qu'on a la santé),Comedy,403430
65ef0dabfa99e591f2a28a8b,Angel Heart,Film-Noir|Horror|Mystery|Thriller,711099
65ef0dabfa99e591f2a28a8c,Angels with Dirty Faces,Crime|Drama,489435
65ef0dabfa99e591f2a28a8d,Three Little Words,Comedy|Musical|Romance,665750
65ef0dabfa99e591f2a28a8e,"Girl Next Door, The",Crime|Drama|Horror|Thriller,641451
65ef0dabfa99e591f2a28a8f,I Love Trouble,Crime|Drama,140748
65ef0dabfa99e591f2a28a90,Paddington,Children|Comedy,888152
65ef0dabfa99e591f2a28a91,Time Stood Still (Il tempo si è fermato),Drama,540451
65ef0dabfa99e591f2a28a92,Children of the Revolution,Comedy,121597
65ef0dabfa99e591f2a28a93,War Photographer,Documentary|War,780683
65ef0dabfa99e591f2a28a94,"All Blossoms Again: Pedro Costa, Director (Tout refleurit: Pedro Costa, cinéaste)",Documentary,953087
65ef0dabfa99e591f2a28a95,Rated X,Drama,272445
65ef0dabfa99e591f2a28a96,Dorian Gray,Drama|Horror|Sci-Fi,121305
65ef0dabfa99e591f2a28a97,Even the Rain (También la lluvia),Drama,342746
65ef0dabfa99e591f2a28a98,"Guyver, The",Action|Comedy|Sci-Fi,394900
65ef0dabfa99e591f2a28a99,They Might Be Giants,Comedy|Mystery|Romance,744694
65ef0dabfa99e591f2a28a9a,Bad Biology,Comedy|Fantasy|Thriller,714599
65ef0dabfa99e591f2a28a9b,Chinese Coffee,Drama,396936
65ef0dabfa99e591f2a28a9c,Death in Buenos Aires (Muerte en Buenos Aires),Crime|Drama|Romance,354231
65ef0dabfa99e591f2a28a9d,Heatstroke,Thriller,240938
65ef0dabfa99e591f2a28a9e,"Strawberry Statement, The",Drama|Romance,660527
65ef0dabfa99e591f2a28a9f,Walter,Drama,447628
65ef0dabfa99e591f2a28aa0,Promise of the Flesh (Yukcheui yaksok),(no genres listed),144643
65ef0dabfa99e591f2a28aa1,"40-Year-Old Virgin, The",Comedy|Romance,651205
65ef0dabfa99e591f2a28aa2,"Darwin Awards, The",Adventure|Comedy|Romance,798114
65ef0dabfa99e591f2a28aa3,"Murderous Maids (Blessures assassines, Les)",Drama,866680
65ef0dabfa99e591f2a28aa4,Love and a .45,Action|Comedy|Crime,780550
65ef0dabfa99e591f2a28aa5,Shakespeare in Love,Comedy|Drama|Romance,286810
65ef0dabfa99e591f2a28aa6,Megaforce,Action|Sci-Fi,472338
65ef0dabfa99e591f2a28aa7,Treasure Island,Adventure|Children,639642
65ef0dabfa99e591f2a28aa8,Chocolate Strawberry Vanilla,Comedy|Drama,670883
65ef0dabfa99e591f2a28aa9,Gumshoe,Comedy|Crime|Drama|Mystery,889830
65ef0dabfa99e591f2a28aaa,Lucas,Drama|Romance,248882
65ef0dabfa99e591f2a28aab,Pathfinder (Ofelas),Action|Adventure|Drama,631582
65ef0dabfa99e591f2a28aac,Something Borrowed,Comedy|Drama|Romance,190290
65ef0dabfa99e591f2a28aad,Far and Away,Adventure|Drama|Romance,244738
65ef0dabfa99e591f2a28aae,Strapped,Action|Drama,352710
65ef0dabfa99e591f2a28aaf,Bachelor Apartment,Comedy|Drama|Romance,252411
65ef0dabfa99e591f2a28ab0,Light It Up,Drama,597834
65ef0dabfa99e591f2a28ab1,Hamlet 2,Comedy,539508
65ef0dabfa99e591f2a28ab2,Contagion / Bio Slime,Horror,450068
65ef0dabfa99e591f2a28ab3,Big Bad Wolf,Comedy|Horror,702169
65ef0dabfa99e591f2a28ab4,"Last Command, The",Drama|War,482848
65ef0dabfa99e591f2a28ab5,Harper,Crime|Drama|Mystery,830780
65ef0dabfa99e591f2a28ab6,"Power of Kangwon Province, The (Kangwon-do ui him)",Drama,743170
65ef0dabfa99e591f2a28ab7,"Luck, Trust & Ketchup: Robert Altman in Carver Country",Documentary,676969
65ef0dabfa99e591f2a28ab8,Uuno in Spain,Comedy,966199
65ef0dabfa99e591f2a28ab9,Adoration,Drama,373557
65ef0dabfa99e591f2a28aba,Already Dead,Action|Fantasy|Thriller,575447
65ef0dabfa99e591f2a28abb,Mutiny on the Bounty,Adventure|Drama|Romance,168219
65ef0dabfa99e591f2a28abc,Pigs,Comedy,932508
65ef0dabfa99e591f2a28abd,Dennis the Menace,Comedy,757392
65ef0dabfa99e591f2a28abe,Nine Lives,Horror|Thriller,522440
65ef0dabfa99e591f2a28abf,Piranha 3DD (a.k.a. Piranha DD),Comedy|Horror,133009
65ef0dabfa99e591f2a28ac0,Time After Time,Sci-Fi|Thriller,353316
65ef0dabfa99e591f2a28ac1,Special 26,Crime|Drama|Thriller,514504
65ef0dabfa99e591f2a28ac2,Next of Kin,Action|Crime|Thriller,283949
65ef0dabfa99e591f2a28ac3,Chronicle of the Years of Fire (Chronique des années de braise),Drama,163066
65ef0dabfa99e591f2a28ac4,"Elvira, Mistress of the Dark",Comedy|Horror,331124
65ef0dabfa99e591f2a28ac5,Deja Vu,Drama,581931
65ef0dabfa99e591f2a28ac6,"Werewolf, The",Horror|Sci-Fi,307259
65ef0dabfa99e591f2a28ac7,Diary of a Country Priest (Journal d'un curé de campagne),Drama,345082
65ef0dabfa99e591f2a28ac8,"Rise and Fall of Legs Diamond, The",Crime,240768
65ef0dabfa99e591f2a28ac9,Interceptor,Action|Sci-Fi,280859
65ef0dabfa99e591f2a28aca,Dear Wendy,Drama,596288
65ef0dabfa99e591f2a28acb,"Letter, The",Drama,413925
65ef0dabfa99e591f2a28acc,"Monitors, The",Comedy|Sci-Fi,636104
65ef0dabfa99e591f2a28acd,"Commare secca, La (Grim Reaper, The)",Drama|Mystery,316975
65ef0dabfa99e591f2a28ace,UHF,Comedy,568315
65ef0dabfa99e591f2a28acf,"Thief Lord, The",Adventure|Children|Fantasy,114692
65ef0dabfa99e591f2a28ad0,Catch Me If You Can,Crime|Drama,779081
65ef0dabfa99e591f2a28ad1,3 Ninjas Kick Back,Action|Children|Comedy,971264
65ef0dabfa99e591f2a28ad2,Night and Day,Drama|Musical,509992
65ef0dabfa99e591f2a28ad3,"Midsummer Night's Dream, A",Comedy|Fantasy|Romance,235938
65ef0dabfa99e591f2a28ad4,"Men Who Made the Movies: Samuel Fuller, The",Documentary,514551
65ef0dabfa99e591f2a28ad5,Just a Little Harmless Sex,Comedy|Romance,234872
65ef0dabfa99e591f2a28ad6,"Susana (Devil and the Flesh, The)",Drama|Romance,698356
65ef0dabfa99e591f2a28ad7,Crime at the Chinese Restaurant,Comedy|Mystery|Thriller,210639
65ef0dabfa99e591f2a28ad8,Bamboozled,Comedy,653771
65ef0dabfa99e591f2a28ad9,Secrets & Lies,Drama,188603
65ef0dabfa99e591f2a28ada,3 Backyards,Drama,544164
65ef0dabfa99e591f2a28adb,Guns at Batasi,Drama,185495
65ef0dabfa99e591f2a28adc,Teen Witch,Comedy,392196
65ef0dabfa99e591f2a28add,Cloudland,Animation,578256
65ef0dabfa99e591f2a28ade,Precious,Drama,870801
65ef0dabfa99e591f2a28adf,Mama's Boy,Comedy|Drama,632494
65ef0dabfa99e591f2a28ae0,102 Minutes That Changed America,Documentary,205451
65ef0dabfa99e591f2a28ae1,Western Union,Western,423676
65ef0dabfa99e591f2a28ae2,"Greatest Movie Ever Sold, The (POM Wonderful Presents: The Greatest Movie Ever Sold)",Documentary,856266
65ef0dabfa99e591f2a28ae3,Dimensions of Dialogue (Moznosti dialogu),Animation|Comedy|Fantasy,980079
65ef0dabfa99e591f2a28ae4,Stars in My Crown,Drama|Western,679319
65ef0dabfa99e591f2a28ae5,News from a Personal War (Notícias de uma Guerra Particular),Documentary,473263
65ef0dabfa99e591f2a28ae6,American Pie 2,Comedy,830173
65ef0dabfa99e591f2a28ae7,"Comebacks, The",Comedy,112575
65ef0dabfa99e591f2a28ae8,"Villain, The (Le Vilain)",Comedy,944375
65ef0dabfa99e591f2a28ae9,"Experiment, The",Drama|Thriller,209848
65ef0dabfa99e591f2a28aea,Return to Never Land,Adventure|Animation|Children,973765
65ef0dabfa99e591f2a28aeb,"Eel, The (Unagi)",Drama|Romance,840706
65ef0dabfa99e591f2a28aec,Christine,Horror,314999
65ef0dabfa99e591f2a28aed,28 Weeks Later,Horror|Sci-Fi|Thriller,385115
65ef0dabfa99e591f2a28aee,Chatroom,Crime|Drama|Mystery|Thriller,319529
65ef0dabfa99e591f2a28aef,The Party,Drama,600191
65ef0dabfa99e591f2a28af0,Two Mules for Sister Sara,Comedy|War|Western,348888
65ef0dabfa99e591f2a28af1,"Informant!, The",Comedy|Crime|Drama|Thriller,108289
65ef0dabfa99e591f2a28af2,Virtual JFK: Vietnam If Kennedy Had Lived,Documentary,410850
65ef0dabfa99e591f2a28af3,Puddle Cruiser,Comedy,566743
65ef0dabfa99e591f2a28af4,"Banger Sisters, The",Comedy|Drama,486354
65ef0dabfa99e591f2a28af5,Trailer Park Boys: The Movie,Comedy|Crime,709987
65ef0dabfa99e591f2a28af6,"Downfall (Untergang, Der)",Drama|War,443538
65ef0dabfa99e591f2a28af7,Jackass Number Two,Comedy|Documentary,363070
65ef0dabfa99e591f2a28af8,Venus & Fleur,(no genres listed),997977
65ef0dabfa99e591f2a28af9,Alias Betty (Betty Fisher et autres histoires),Crime|Drama,860295
65ef0dabfa99e591f2a28afa,Possessed (Besat),Action|Crime|Drama|Horror|Thriller,704359
65ef0dabfa99e591f2a28afb,"House with Laughing Windows, The (Casa dalle finestre che ridono, La)",Horror|Mystery|Thriller,107792
65ef0dabfa99e591f2a28afc,Extreme Movie,Comedy,453486
65ef0dabfa99e591f2a28afd,"Clonus Horror, The",Horror|Sci-Fi,730163
65ef0dabfa99e591f2a28afe,Space Odyssey: Voyage to the Planets,Documentary|Drama|Sci-Fi,565127
65ef0dabfa99e591f2a28aff,Corto Maltese: The Guilded House of Samarkand (La maison dorée de Samarkand),Adventure|Animation|Drama|Romance|War,938817
65ef0dabfa99e591f2a28b00,Scrooge,Drama|Fantasy|Musical,990957
65ef0dabfa99e591f2a28b01,Vai~E~Vem,Comedy|Drama,424371
65ef0dabfa99e591f2a28b02,Scarface,Action|Crime|Drama,397054
65ef0dabfa99e591f2a28b03,"Same River Twice, The",Documentary,917910
65ef0dabfa99e591f2a28b04,"Thousand Cuts, A",Thriller,591897
65ef0dabfa99e591f2a28b05,Mega Piranha,Action|Adventure|Horror|Sci-Fi,453316
65ef0dabfa99e591f2a28b06,Hooper,Action|Comedy,897131
65ef0dabfa99e591f2a28b07,I Want Someone to Eat Cheese With,Comedy,284628
65ef0dabfa99e591f2a28b08,"Separation, The (Séparation, La)",Drama,555284
65ef0dabfa99e591f2a28b09,Star 80,Drama,549436
65ef0dabfa99e591f2a28b0a,"Shout, The",Drama|Horror,902717
65ef0dabfa99e591f2a28b0b,Breathless (Ddongpari),Crime|Drama,407235
65ef0dabfa99e591f2a28b0c,Känd från TV,Comedy,189314
65ef0dabfa99e591f2a28b0d,Love Letters,Drama|Mystery|Romance,298071
65ef0dabfa99e591f2a28b0e,Flight,Drama,712127
65ef0dabfa99e591f2a28b0f,Game of Death II (a.k.a. Tower of Death) (Si wang ta),Action|Mystery,740274
65ef0dabfa99e591f2a28b10,Beautiful,Drama|Thriller,710989
65ef0dabfa99e591f2a28b11,Robin Williams: Weapons of Self Destruction,Comedy,402921
65ef0dabfa99e591f2a28b12,Happy Gilmore,Comedy,106762
65ef0dabfa99e591f2a28b13,Elite Squad: The Enemy Within (Tropa de Elite 2 - O Inimigo Agora É Outro),Action|Crime|Drama,539762
65ef0dabfa99e591f2a28b14,Traffic (Trafic),Comedy,468101
65ef0dabfa99e591f2a28b15,Eraser,Action|Drama|Thriller,596935
65ef0dabfa99e591f2a28b16,Cape Fear,Crime|Drama|Thriller,596452
65ef0dabfa99e591f2a28b17,Indiscretion of an American Wife (a.k.a. Terminal Station) (Stazione Termini),Drama,125890
65ef0dabfa99e591f2a28b18,Persuasion,Drama|Romance,757374
65ef0dabfa99e591f2a28b19,Return to Lonesome Dove,Drama|Western,864817
